"message_id","date","chat.id","chat.type","from.id","from.username","from.first_name","text"

"3253","14/11/2024, 5:03:42 pm","5928914069","private","5928914069","Virochan27","Virochan","Hello"
"3261","14/11/2024, 5:06:37 pm","5928914069","private","5928914069","Virochan27","Virochan","Just checking"
"3270","14/11/2024, 5:07:51 pm","5928914069","private","5928914069","Virochan27","Virochan","Help me"
"3275","14/11/2024, 5:09:01 pm","5928914069","private","5928914069","Virochan27","Virochan","What is today's schedule"
"3277","15/11/2024, 12:02:36 am","6562925416","private","6562925416","Virochan2004","Virochan","Hii"
"3279","15/11/2024, 12:03:00 am","5928914069","private","5928914069","Virochan27","Virochan","Hii"
"3359","15/11/2024, 12:24:54 am","5928914069","private","5928914069","Virochan27","Virochan","Today's timetable"
"3443","15/11/2024, 1:27:11 am","5928914069","private","5928914069","Virochan27","Virochan","Send me os module 3 & 4 notes"
"3448","15/11/2024, 2:26:41 pm","6562925416","private","6562925416","Virochan2004","Virochan","Hello"
"3450","15/11/2024, 2:28:59 pm","6562925416","private","6562925416","Virochan2004","Virochan","Hello"
"3452","15/11/2024, 6:17:20 pm","5928914069","private","5928914069","Virochan27","Virochan","Hello"
"3458","16/11/2024, 12:35:23 pm","5928914069","private","5928914069","Virochan27","Virochan","Hello"
"3460","16/11/2024, 12:35:29 pm","5928914069","private","5928914069","Virochan27","Virochan","What is today's schedule"
"3680","16/11/2024, 3:42:33 pm","5928914069","private","5928914069","Virochan27","Virochan","Os lab exam"
"3710","16/11/2024, 4:01:27 pm","5928914069","private","5928914069","Virochan27","Virochan","Send me ann notes"
"3716","16/11/2024, 4:01:39 pm","5928914069","private","5928914069","Virochan27","Virochan","Send me ann notes"
"3724","16/11/2024, 4:02:07 pm","5928914069","private","5928914069","Virochan27","Virochan","Send me ds notes"
"3740","16/11/2024, 4:21:30 pm","5928914069","private","5928914069","Virochan27","Virochan","B1"
"3742","16/11/2024, 4:21:33 pm","5928914069","private","5928914069","Virochan27","Virochan","Ann"
"3744","16/11/2024, 4:21:38 pm","5928914069","private","5928914069","Virochan27","Virochan","Ann class"
"3746","16/11/2024, 4:22:13 pm","5928914069","private","5928914069","Virochan27","Virochan","When do we have os lab"
"3750","16/11/2024, 4:22:28 pm","5928914069","private","5928914069","Virochan27","Virochan","Os lab manual"
"3752","16/11/2024, 4:29:41 pm","5928914069","private","5928914069","Virochan27","Virochan","Os notes"
"3758","16/11/2024, 4:29:58 pm","5928914069","private","5928914069","Virochan27","Virochan","Ann notes"
"3764","16/11/2024, 4:30:11 pm","5928914069","private","5928914069","Virochan27","Virochan","Ds notes"
"3768","16/11/2024, 4:30:25 pm","5928914069","private","5928914069","Virochan27","Virochan","Daa notes"
"3774","16/11/2024, 4:30:44 pm","5928914069","private","5928914069","Virochan27","Virochan","Cn notes"
"3780","16/11/2024, 4:30:51 pm","5928914069","private","5928914069","Virochan27","Virochan","Os lab manual"
"3782","16/11/2024, 4:30:59 pm","5928914069","private","5928914069","Virochan27","Virochan","Daa lab manual"
"3784","16/11/2024, 4:31:07 pm","5928914069","private","5928914069","Virochan27","Virochan","Cn lab manual"
"3786","16/11/2024, 4:31:12 pm","5928914069","private","5928914069","Virochan27","Virochan","Cn lab"
"3790","16/11/2024, 4:31:25 pm","5928914069","private","5928914069","Virochan27","Virochan","Daa lab"
"3792","16/11/2024, 4:31:33 pm","5928914069","private","5928914069","Virochan27","Virochan","Daa lab"
"3794","16/11/2024, 4:31:43 pm","5928914069","private","5928914069","Virochan27","Virochan","Daa lab schedule"
"3798","16/11/2024, 4:33:27 pm","5928914069","private","5928914069","Virochan27","Virochan","B2"
"3800","16/11/2024, 4:33:54 pm","5928914069","private","5928914069","Virochan27","Virochan","Cn lab"
"3804","16/11/2024, 4:34:45 pm","5928914069","private","5928914069","Virochan27","Virochan","B1"
"3806","16/11/2024, 4:35:01 pm","5928914069","private","5928914069","Virochan27","Virochan","Send me ann lab manual"
"3808","16/11/2024, 4:35:19 pm","5928914069","private","5928914069","Virochan27","Virochan","Os lab manual"
"3810","16/11/2024, 4:36:19 pm","5928914069","private","5928914069","Virochan27","Virochan","Os lab manual"
"3812","16/11/2024, 4:36:26 pm","5928914069","private","5928914069","Virochan27","Virochan","Ann lab manual"
"3814","16/11/2024, 4:36:39 pm","5928914069","private","5928914069","Virochan27","Virochan","Ann lan manual"
"3816","16/11/2024, 4:36:49 pm","5928914069","private","5928914069","Virochan27","Virochan","Os lab manual"
"3818","16/11/2024, 4:37:10 pm","5928914069","private","5928914069","Virochan27","Virochan","Give me os, cn , daa lab manual"
"3824","16/11/2024, 4:37:50 pm","5928914069","private","5928914069","Virochan27","Virochan","Ann"
"3836","16/11/2024, 4:38:39 pm","5928914069","private","5928914069","Virochan27","Virochan","Add deadlines to chatbot"
"3839","16/11/2024, 4:38:57 pm","5928914069","private","5928914069","Virochan27","Virochan","Hey"
"3841","16/11/2024, 4:43:54 pm","5928914069","private","5928914069","Virochan27","Virochan","Send os notes"
"3847","16/11/2024, 5:29:37 pm","5928914069","private","5928914069","Virochan27","Virochan","Os assignment"
"3848","16/11/2024, 5:31:14 pm","5928914069","private","5928914069","Virochan27","Virochan","Os assignment"
"3849","16/11/2024, 5:32:04 pm","5928914069","private","5928914069","Virochan27","Virochan","Os assignment"
"3851","16/11/2024, 5:32:16 pm","5928914069","private","5928914069","Virochan27","Virochan","Assignment"
"3853","16/11/2024, 5:32:31 pm","5928914069","private","5928914069","Virochan27","Virochan","Miniproject"
"3855","16/11/2024, 5:39:54 pm","5928914069","private","5928914069","Virochan27","Virochan","Miniproject"
"3857","16/11/2024, 5:40:03 pm","5928914069","private","5928914069","Virochan27","Virochan","Ann miniproject"
"3859","16/11/2024, 5:40:10 pm","5928914069","private","5928914069","Virochan27","Virochan","Ann assignment"
"3861","16/11/2024, 5:40:17 pm","5928914069","private","5928914069","Virochan27","Virochan","Os assignment"
"3863","16/11/2024, 5:40:23 pm","5928914069","private","5928914069","Virochan27","Virochan","Daa seminar"
"3865","16/11/2024, 5:40:30 pm","5928914069","private","5928914069","Virochan27","Virochan","Ds assignment"
"3867","16/11/2024, 5:56:46 pm","5928914069","private","5928914069","Virochan27","Virochan","Ann assignment"
"3869","16/11/2024, 5:56:58 pm","5928914069","private","5928914069","Virochan27","Virochan","Os assignment"
"3871","16/11/2024, 5:57:36 pm","5928914069","private","5928914069","Virochan27","Virochan","Os assignment"
"3873","16/11/2024, 5:57:42 pm","5928914069","private","5928914069","Virochan27","Virochan","Daa assignment"
"3875","16/11/2024, 5:57:48 pm","5928914069","private","5928914069","Virochan27","Virochan","Cn assignment"
"3877","16/11/2024, 5:57:54 pm","5928914069","private","5928914069","Virochan27","Virochan","Ds assignment"
"3879","16/11/2024, 5:57:58 pm","5928914069","private","5928914069","Virochan27","Virochan","Assignment"
"3881","16/11/2024, 5:58:13 pm","5928914069","private","5928914069","Virochan27","Virochan","Miniproject"
"3883","16/11/2024, 5:58:24 pm","5928914069","private","5928914069","Virochan27","Virochan","Miniproject os"
"3885","16/11/2024, 5:58:47 pm","5928914069","private","5928914069","Virochan27","Virochan","Miniproject os"
"3887","16/11/2024, 5:58:57 pm","5928914069","private","5928914069","Virochan27","Virochan","Daa miniproject"
"3889","16/11/2024, 5:59:01 pm","5928914069","private","5928914069","Virochan27","Virochan","Ann miniproject"
"3891","16/11/2024, 6:00:20 pm","5928914069","private","5928914069","Virochan27","Virochan","Ann record"
"3893","16/11/2024, 6:00:26 pm","5928914069","private","5928914069","Virochan27","Virochan","Os report"
"3895","16/11/2024, 6:00:31 pm","5928914069","private","5928914069","Virochan27","Virochan","Os record"
"3897","16/11/2024, 6:00:40 pm","5928914069","private","5928914069","Virochan27","Virochan","Os miniproject"
"3899","16/11/2024, 6:00:44 pm","5928914069","private","5928914069","Virochan27","Virochan","Os seminar"
"3901","16/11/2024, 6:00:53 pm","5928914069","private","5928914069","Virochan27","Virochan","Softskill"
"3903","16/11/2024, 6:01:05 pm","5928914069","private","5928914069","Virochan27","Virochan","Certificate course"
"3907","16/11/2024, 6:02:27 pm","5928914069","private","5928914069","Virochan27","Virochan","Internship report"
"3909","16/11/2024, 6:03:39 pm","5928914069","private","5928914069","Virochan27","Virochan","Ann miniproject"
"3911","16/11/2024, 6:04:06 pm","5928914069","private","5928914069","Virochan27","Virochan","Ann miniproject"
"3913","16/11/2024, 6:04:48 pm","5928914069","private","5928914069","Virochan27","Virochan","Ann miniproject"
"3915","16/11/2024, 6:05:59 pm","5928914069","private","5928914069","Virochan27","Virochan","Ann miniproject"
"3917","16/11/2024, 6:06:08 pm","5928914069","private","5928914069","Virochan27","Virochan","Os softskill"
"3919","16/11/2024, 6:06:18 pm","5928914069","private","5928914069","Virochan27","Virochan","Os internship"
"3921","16/11/2024, 6:06:29 pm","5928914069","private","5928914069","Virochan27","Virochan","Os seminar"
"3923","16/11/2024, 6:06:35 pm","5928914069","private","5928914069","Virochan27","Virochan","Softskill"
"3925","16/11/2024, 6:06:47 pm","5928914069","private","5928914069","Virochan27","Virochan","Ds assignment"
"3927","16/11/2024, 6:06:52 pm","5928914069","private","5928914069","Virochan27","Virochan","Ds miniproject"
"3929","16/11/2024, 6:07:49 pm","5928914069","private","5928914069","Virochan27","Virochan","Ann deadlines"
"3931","16/11/2024, 6:07:58 pm","5928914069","private","5928914069","Virochan27","Virochan","Os deadline"
"3933","16/11/2024, 6:08:09 pm","5928914069","private","5928914069","Virochan27","Virochan","Os submissions"
"3935","16/11/2024, 6:08:22 pm","5928914069","private","5928914069","Virochan27","Virochan","Deadline"
"3937","16/11/2024, 6:09:36 pm","5928914069","private","5928914069","Virochan27","Virochan","Deadline"
"3939","16/11/2024, 6:10:09 pm","5928914069","private","5928914069","Virochan27","Virochan","Ann deadlines"
"3941","16/11/2024, 6:14:35 pm","5928914069","private","5928914069","Virochan27","Virochan","Tomorrow which assignment should we submit"
"3942","16/11/2024, 6:18:33 pm","5928914069","private","5928914069","Virochan27","Virochan","Tomorrow which assignment should we submit"
"3943","16/11/2024, 6:18:56 pm","5928914069","private","5928914069","Virochan27","Virochan","Today which assignment should we submit"
"3945","16/11/2024, 6:20:35 pm","5928914069","private","5928914069","Virochan27","Virochan","Today which assignment should we submit"
"3947","16/11/2024, 6:22:20 pm","5928914069","private","5928914069","Virochan27","Virochan","Today which assignment should we have to submit"
"3949","16/11/2024, 6:22:54 pm","5928914069","private","5928914069","Virochan27","Virochan","Today's submission"
"3953","16/11/2024, 6:24:34 pm","5928914069","private","5928914069","Virochan27","Virochan","Tomorrow's assignment"
"3954","16/11/2024, 6:26:41 pm","5928914069","private","5928914069","Virochan27","Virochan","Tomorrow's submission"
"3955","16/11/2024, 6:27:00 pm","5928914069","private","5928914069","Virochan27","Virochan","Today's submission"
"3956","16/11/2024, 6:28:21 pm","5928914069","private","5928914069","Virochan27","Virochan","Today's submission"
"3958","16/11/2024, 6:28:36 pm","5928914069","private","5928914069","Virochan27","Virochan","Tomorrow's submission"
"3959","16/11/2024, 6:28:49 pm","5928914069","private","5928914069","Virochan27","Virochan","Ann assignment"
"3961","16/11/2024, 6:29:00 pm","5928914069","private","5928914069","Virochan27","Virochan","Ann Seminar"
"3963","16/11/2024, 6:32:24 pm","5928914069","private","5928914069","Virochan27","Virochan","Ann seminar"
"3965","16/11/2024, 6:32:50 pm","5928914069","private","5928914069","Virochan27","Virochan","Today's submission"
"3967","16/11/2024, 6:32:58 pm","5928914069","private","5928914069","Virochan27","Virochan","Tomorrow's submission"
"3968","16/11/2024, 6:42:15 pm","5928914069","private","5928914069","Virochan27","Virochan","Tomorrow's submission"
"3969","16/11/2024, 6:42:27 pm","5928914069","private","5928914069","Virochan27","Virochan","Today's submission"
"3971","16/11/2024, 6:43:23 pm","5928914069","private","5928914069","Virochan27","Virochan","Today's assignment"
"3973","16/11/2024, 6:43:54 pm","5928914069","private","5928914069","Virochan27","Virochan","Today's submission"
"3974","16/11/2024, 6:44:02 pm","5928914069","private","5928914069","Virochan27","Virochan","Today's assignment"
"3975","16/11/2024, 6:45:02 pm","5928914069","private","5928914069","Virochan27","Virochan","Today's submission"
"3976","16/11/2024, 6:45:11 pm","5928914069","private","5928914069","Virochan27","Virochan","Tomorrow's submission"
"3977","16/11/2024, 6:48:46 pm","5928914069","private","5928914069","Virochan27","Virochan","Today's submission"
"3978","16/11/2024, 6:49:44 pm","5928914069","private","5928914069","Virochan27","Virochan","Today's submission"
"3979","16/11/2024, 6:52:32 pm","5928914069","private","5928914069","Virochan27","Virochan","Today's submission"
"3980","16/11/2024, 6:53:37 pm","5928914069","private","5928914069","Virochan27","Virochan","Today's submission"
"3981","16/11/2024, 6:54:01 pm","5928914069","private","5928914069","Virochan27","Virochan","Today's submission"
"3982","16/11/2024, 6:54:30 pm","5928914069","private","5928914069","Virochan27","Virochan","Today's submission"
"3983","16/11/2024, 6:55:18 pm","5928914069","private","5928914069","Virochan27","Virochan","Today's submission"
"3984","16/11/2024, 6:56:04 pm","5928914069","private","5928914069","Virochan27","Virochan","Today's submission"
"3985","16/11/2024, 6:56:33 pm","5928914069","private","5928914069","Virochan27","Virochan","Today's submission"
"3986","16/11/2024, 6:57:00 pm","5928914069","private","5928914069","Virochan27","Virochan","Today's submission"
"3987","16/11/2024, 6:58:59 pm","5928914069","private","5928914069","Virochan27","Virochan","Today's Submission"
"3988","16/11/2024, 7:07:42 pm","5928914069","private","5928914069","Virochan27","Virochan","Today's submission"
"3989","16/11/2024, 7:09:07 pm","5928914069","private","5928914069","Virochan27","Virochan","Today's submission"
"3990","16/11/2024, 7:11:35 pm","5928914069","private","5928914069","Virochan27","Virochan","Today's submission"
"3991","16/11/2024, 7:11:54 pm","5928914069","private","5928914069","Virochan27","Virochan","Today's schedule"
"3993","16/11/2024, 7:12:18 pm","5928914069","private","5928914069","Virochan27","Virochan","Today's schedule"
"3995","16/11/2024, 7:12:23 pm","5928914069","private","5928914069","Virochan27","Virochan","Today's submission"
"3996","16/11/2024, 7:15:48 pm","5928914069","private","5928914069","Virochan27","Virochan","Today's submission"
"3997","16/11/2024, 7:24:30 pm","5928914069","private","5928914069","Virochan27","Virochan","Today's submission"
"3999","16/11/2024, 7:28:43 pm","5928914069","private","5928914069","Virochan27","Virochan","Today's submission"
"4001","16/11/2024, 7:29:41 pm","5928914069","private","5928914069","Virochan27","Virochan","Today's submission"
"4003","16/11/2024, 7:29:58 pm","5928914069","private","5928914069","Virochan27","Virochan","Today's submission"
"4005","16/11/2024, 7:30:41 pm","5928914069","private","5928914069","Virochan27","Virochan","Tomorrow's submission"
"4007","16/11/2024, 7:33:44 pm","5928914069","private","5928914069","Virochan27","Virochan","Today's e"
"4009","16/11/2024, 7:33:48 pm","5928914069","private","5928914069","Virochan27","Virochan","Today's submission"
"4010","16/11/2024, 7:35:57 pm","5928914069","private","5928914069","Virochan27","Virochan","Today's submission"
"4012","16/11/2024, 7:36:16 pm","5928914069","private","5928914069","Virochan27","Virochan","Tomorrow's submission"
"4014","16/11/2024, 7:36:54 pm","5928914069","private","5928914069","Virochan27","Virochan","Ann assignment"
"4016","16/11/2024, 7:37:01 pm","5928914069","private","5928914069","Virochan27","Virochan","Ann seminar"
"4020","16/11/2024, 7:45:56 pm","5928914069","private","5928914069","Virochan27","Virochan","Today's submission"
"4022","16/11/2024, 7:46:09 pm","5928914069","private","5928914069","Virochan27","Virochan","Tomorrow's submission"
"4024","16/11/2024, 7:46:29 pm","5928914069","private","5928914069","Virochan27","Virochan","Os assignment"
"4026","16/11/2024, 7:55:15 pm","5928914069","private","5928914069","Virochan27","Virochan","Today's submission"
"4028","16/11/2024, 7:55:24 pm","5928914069","private","5928914069","Virochan27","Virochan","Tomorrow's submission"
"4030","16/11/2024, 7:55:45 pm","5928914069","private","5928914069","Virochan27","Virochan","Ann assignment"
"4032","16/11/2024, 7:55:49 pm","5928914069","private","5928914069","Virochan27","Virochan","Assignment"
"4034","16/11/2024, 7:56:00 pm","5928914069","private","5928914069","Virochan27","Virochan","Os assignment"
"4036","16/11/2024, 8:59:10 pm","5928914069","private","5928914069","Virochan27","Virochan","Assignment"
"4040","16/11/2024, 9:03:40 pm","5928914069","private","5928914069","Virochan27","Virochan","Submission today"
"4042","16/11/2024, 9:03:51 pm","5928914069","private","5928914069","Virochan27","Virochan","Submission today"
"4044","16/11/2024, 9:06:40 pm","5928914069","private","5928914069","Virochan27","Virochan","Tomorrow's submission"
"4046","16/11/2024, 9:08:22 pm","5928914069","private","5928914069","Virochan27","Virochan","Tomorrow's submission"
"4048","16/11/2024, 9:08:28 pm","5928914069","private","5928914069","Virochan27","Virochan","Today's submission"
"4050","16/11/2024, 9:09:12 pm","5928914069","private","5928914069","Virochan27","Virochan","Tomorrow's submission"
"4052","16/11/2024, 9:10:32 pm","5928914069","private","5928914069","Virochan27","Virochan","Tomorrow's submission"
"4054","16/11/2024, 9:10:51 pm","5928914069","private","5928914069","Virochan27","Virochan","Tomorrow's submission"
"4056","16/11/2024, 9:13:24 pm","5928914069","private","5928914069","Virochan27","Virochan","Os assignment"
"4058","16/11/2024, 9:14:16 pm","5928914069","private","5928914069","Virochan27","Virochan","Ann assignment"
"4060","16/11/2024, 9:15:05 pm","5928914069","private","5928914069","Virochan27","Virochan","Assignment"
"4062","16/11/2024, 9:15:26 pm","5928914069","private","5928914069","Virochan27","Virochan","Miniproject"
"4064","16/11/2024, 9:15:39 pm","5928914069","private","5928914069","Virochan27","Virochan","Seminar"
"4066","16/11/2024, 9:16:12 pm","5928914069","private","5928914069","Virochan27","Virochan","Deadline"
"4068","16/11/2024, 9:21:10 pm","5928914069","private","5928914069","Virochan27","Virochan","Deadline"
"4070","16/11/2024, 9:22:07 pm","5928914069","private","5928914069","Virochan27","Virochan","Assignment"
"4072","16/11/2024, 9:22:23 pm","5928914069","private","5928914069","Virochan27","Virochan","Assignment"
"4074","16/11/2024, 9:22:45 pm","5928914069","private","5928914069","Virochan27","Virochan","Assignment"
"4076","16/11/2024, 9:23:19 pm","5928914069","private","5928914069","Virochan27","Virochan","Deadline"
"4078","16/11/2024, 9:24:03 pm","5928914069","private","5928914069","Virochan27","Virochan","Deadline"
"4080","17/11/2024, 12:17:55 am","5928914069","private","5928914069","Virochan27","Virochan","Today's assignment"
"4082","17/11/2024, 12:18:07 am","5928914069","private","5928914069","Virochan27","Virochan","Miniproject"
"4084","17/11/2024, 12:19:30 am","5928914069","private","5928914069","Virochan27","Virochan","Mini project"
"4086","17/11/2024, 12:20:09 am","5928914069","private","5928914069","Virochan27","Virochan","Assignment"
"4139","17/11/2024, 1:23:25 am","5928914069","private","5928914069","Virochan27","Virochan","Wake the server up"
"4140","17/11/2024, 1:25:28 am","5928914069","private","5928914069","Virochan27","Virochan","Wake the server up"
"4141","17/11/2024, 1:27:09 am","5928914069","private","5928914069","Virochan27","Virochan","Wake up the server"
"4142","17/11/2024, 1:29:05 am","5928914069","private","5928914069","Virochan27","Virochan","Wake up the server"
"4143","17/11/2024, 1:30:35 am","5928914069","private","5928914069","Virochan27","Virochan","Wakeup the server"
"4144","17/11/2024, 1:33:41 am","5928914069","private","5928914069","Virochan27","Virochan","Wake up the server"
"4145","17/11/2024, 1:37:49 am","5928914069","private","5928914069","Virochan27","Virochan","Wake up the server"
"4146","17/11/2024, 1:39:04 am","5928914069","private","5928914069","Virochan27","Virochan","Wake up the server"
"4147","17/11/2024, 1:40:52 am","5928914069","private","5928914069","Virochan27","Virochan","Wake up the server"
"4148","17/11/2024, 1:44:15 am","5928914069","private","5928914069","Virochan27","Virochan","Wake up the server"
"4149","17/11/2024, 1:44:37 am","5928914069","private","5928914069","Virochan27","Virochan","Wake up the server"
"4150","17/11/2024, 1:45:02 am","5928914069","private","5928914069","Virochan27","Virochan","Wake up the server"
"4151","17/11/2024, 1:45:36 am","5928914069","private","5928914069","Virochan27","Virochan","Wake up the server"
"4152","17/11/2024, 1:58:27 am","5928914069","private","5928914069","Virochan27","Virochan","Wake up the server"
"4153","17/11/2024, 2:00:50 am","5928914069","private","5928914069","Virochan27","Virochan","Wake up the server"
"4154","17/11/2024, 2:01:41 am","5928914069","private","5928914069","Virochan27","Virochan","Wake up the server"
"4155","17/11/2024, 2:04:00 am","5928914069","private","5928914069","Virochan27","Virochan","Wake up the server"
"4156","17/11/2024, 2:06:11 am","5928914069","private","5928914069","Virochan27","Virochan","Wake up the server"
"4158","17/11/2024, 2:06:34 am","5928914069","private","5928914069","Virochan27","Virochan","Wake up the server"
"4160","17/11/2024, 2:07:06 am","5928914069","private","5928914069","Virochan27","Virochan","Wake up the server"
"4162","17/11/2024, 2:07:49 am","5928914069","private","5928914069","Virochan27","Virochan","Wake up the server"
"4164","17/11/2024, 2:19:09 am","5928914069","private","5928914069","Virochan27","Virochan","Next which assignment should we submit"
"4166","17/11/2024, 2:19:37 am","5928914069","private","5928914069","Virochan27","Virochan","Os assignment"
"4168","17/11/2024, 2:19:59 am","5928914069","private","5928914069","Virochan27","Virochan","Give me ann lab manual"
"4171","17/11/2024, 2:20:16 am","5928914069","private","5928914069","Virochan27","Virochan","Os"
"4173","17/11/2024, 2:20:33 am","5928914069","private","5928914069","Virochan27","Virochan","Ann lan manual"
"4175","17/11/2024, 2:20:46 am","5928914069","private","5928914069","Virochan27","Virochan","Give me ann notes"
"4185","17/11/2024, 2:21:23 am","5928914069","private","5928914069","Virochan27","Virochan","Gn"
"4187","17/11/2024, 2:21:29 am","5928914069","private","5928914069","Virochan27","Virochan","Gm"
"4189","17/11/2024, 2:21:39 am","5928914069","private","5928914069","Virochan27","Virochan","Hlo"
"4191","17/11/2024, 2:21:49 am","5928914069","private","5928914069","Virochan27","Virochan","Hiiii"
"4193","17/11/2024, 2:22:41 am","5928914069","private","5928914069","Virochan27","Virochan","Wake up the server"
"4195","17/11/2024, 6:27:01 am","5928914069","private","5928914069","Virochan27","Virochan","Wake up the server"
"4197","17/11/2024, 6:28:01 am","5928914069","private","5928914069","Virochan27","Virochan","Wake up the server"
"4199","17/11/2024, 6:29:01 am","5928914069","private","5928914069","Virochan27","Virochan","Wake up the server"
"4211","17/11/2024, 10:31:06 am","6562925416","private","6562925416","Virochan2004","Virochan","Admin Virochana@01SU22AI000"
"4212","17/11/2024, 10:32:36 am","6562925416","private","6562925416","Virochan2004","Virochan","Admin Virochana@01SU22AI000"
"4214","17/11/2024, 10:32:46 am","6562925416","private","6562925416","Virochan2004","Virochan","Hello"
"4216","17/11/2024, 10:33:02 am","6562925416","private","6562925416","Virochan2004","Virochan","Admin Virochana@01SU22AI000"
"4218","17/11/2024, 10:33:08 am","6562925416","private","6562925416","Virochan2004","Virochan","Abcd"
"4224","17/11/2024, 10:37:17 am","6562925416","private","6562925416","Virochan2004","Virochan","Yes"
"4229","17/11/2024, 10:38:04 am","6562925416","private","6562925416","Virochan2004","Virochan","Yes"
"4236","17/11/2024, 10:42:57 am","5928914069","private","5928914069","Virochan27","Virochan","Yes"
"4244","17/11/2024, 10:44:54 am","5928914069","private","5928914069","Virochan27","Virochan","Yes"
"4252","17/11/2024, 10:46:25 am","5928914069","private","5928914069","Virochan27","Virochan","No"
"4258","17/11/2024, 10:46:48 am","5928914069","private","5928914069","Virochan27","Virochan","Yes"
"4267","17/11/2024, 10:47:52 am","5928914069","private","5928914069","Virochan27","Virochan","No"
"4275","17/11/2024, 11:01:52 am","5928914069","private","5928914069","Virochan27","Virochan","Yes"
"4280","17/11/2024, 11:03:13 am","5928914069","private","5928914069","Virochan27","Virochan","Yes"
"4285","17/11/2024, 11:04:32 am","5928914069","private","5928914069","Virochan27","Virochan","Yes"
"4288","17/11/2024, 11:06:23 am","5928914069","private","5928914069","Virochan27","Virochan","Hello"
"4292","17/11/2024, 11:06:43 am","5928914069","private","5928914069","Virochan27","Virochan","Yes"
"4297","17/11/2024, 11:17:20 am","5928914069","private","5928914069","Virochan27","Virochan","Yes"
"4300","17/11/2024, 11:18:09 am","5928914069","private","5928914069","Virochan27","Virochan","No"
"4301","17/11/2024, 11:18:14 am","5928914069","private","5928914069","Virochan27","Virochan","Admin Virochana@01SU22AI000"
"4303","17/11/2024, 11:18:30 am","5928914069","private","5928914069","Virochan27","Virochan","Yes"
"4305","17/11/2024, 11:19:10 am","5928914069","private","5928914069","Virochan27","Virochan","Admin Virochana@01SU22AI000"
"4311","17/11/2024, 11:19:37 am","5928914069","private","5928914069","Virochan27","Virochan","Yes"
"4320","17/11/2024, 11:49:21 am","5928914069","private","5928914069","Virochan27","Virochan","Hello"
"4326","17/11/2024, 11:56:47 am","5928914069","private","5928914069","Virochan27","Virochan","Hello"
"4332","17/11/2024, 11:57:06 am","5928914069","private","5928914069","Virochan27","Virochan","Yes"
"4335","17/11/2024, 11:58:04 am","5928914069","private","5928914069","Virochan27","Virochan","Hello"
"4337","17/11/2024, 11:58:16 am","5928914069","private","5928914069","Virochan27","Virochan","Next ann class"
"4339","17/11/2024, 11:58:24 am","5928914069","private","5928914069","Virochan27","Virochan","Ann next class"
"4345","17/11/2024, 12:01:31 pm","5928914069","private","5928914069","Virochan27","Virochan","Yes"
"4353","17/11/2024, 12:15:01 pm","5928914069","private","5928914069","Virochan27","Virochan","Yes"
"4360","17/11/2024, 12:18:26 pm","5928914069","private","5928914069","Virochan27","Virochan","Hello"
"4364","17/11/2024, 12:18:43 pm","5928914069","private","5928914069","Virochan27","Virochan","Jjj"
"4372","17/11/2024, 12:19:02 pm","5928914069","private","5928914069","Virochan27","Virochan","Ok"
"4380","17/11/2024, 12:19:29 pm","5928914069","private","5928914069","Virochan27","Virochan","Yes"
"4385","17/11/2024, 12:20:25 pm","5928914069","private","5928914069","Virochan27","Virochan","Yes"
"4390","17/11/2024, 12:22:08 pm","5928914069","private","5928914069","Virochan27","Virochan","Yes"
"4394","17/11/2024, 12:23:09 pm","5928914069","private","5928914069","Virochan27","Virochan","Hello friends"
"4400","17/11/2024, 12:23:32 pm","5928914069","private","5928914069","Virochan27","Virochan","Yes"
"4408","17/11/2024, 12:26:18 pm","5928914069","private","5928914069","Virochan27","Virochan","Yes"
"4416","17/11/2024, 12:27:09 pm","5928914069","private","5928914069","Virochan27","Virochan","Yes"
"4424","17/11/2024, 12:27:49 pm","5928914069","private","5928914069","Virochan27","Virochan","Yes"
"4429","17/11/2024, 12:28:27 pm","6562925416","private","6562925416","Virochan2004","Virochan","Yes"
"4437","17/11/2024, 12:30:40 pm","6562925416","private","6562925416","Virochan2004","Virochan","Yes"
"4445","17/11/2024, 12:31:11 pm","6562925416","private","6562925416","Virochan2004","Virochan","Yes"
"4455","17/11/2024, 12:39:32 pm","6562925416","private","6562925416","Virochan2004","Virochan","Nothing"
"4459","17/11/2024, 12:41:20 pm","6562925416","private","6562925416","Virochan2004","Virochan","Hello"
"4467","17/11/2024, 12:41:50 pm","6562925416","private","6562925416","Virochan2004","Virochan","Just checking"
"4477","17/11/2024, 1:15:36 pm","6562925416","private","6562925416","Virochan2004","Virochan","When are we having exams?"
"4487","17/11/2024, 1:16:59 pm","5928914069","private","5928914069","Virochan27","Virochan","Yes"
"4498","17/11/2024, 1:19:55 pm","5928914069","private","5928914069","Virochan27","Virochan","Hello"
"4508","17/11/2024, 1:21:11 pm","6562925416","private","6562925416","Virochan2004","Virochan","Yes"
"4519","17/11/2024, 1:23:40 pm","5928914069","private","5928914069","Virochan27","Virochan","Hello when is our exams starting"
"4529","17/11/2024, 1:24:53 pm","6562925416","private","6562925416","Virochan2004","Virochan","Yes"
"4540","17/11/2024, 1:40:40 pm","6562925416","private","6562925416","Virochan2004","Virochan","Yes"
"4550","17/11/2024, 1:42:13 pm","6562925416","private","6562925416","Virochan2004","Virochan","Yes"
"4560","17/11/2024, 1:43:14 pm","6562925416","private","6562925416","Virochan2004","Virochan","Yes"
"4572","17/11/2024, 1:47:31 pm","6562925416","private","6562925416","Virochan2004","Virochan","Do we have class tomorrow"
"4582","17/11/2024, 1:48:41 pm","5928914069","private","5928914069","Virochan27","Virochan","Yes"
"4587","17/11/2024, 1:56:31 pm","5928914069","private","5928914069","Virochan27","Virochan","Hello"
"4595","17/11/2024, 1:57:10 pm","5928914069","private","5928914069","Virochan27","Virochan","Hello how are you"
"4605","17/11/2024, 1:57:59 pm","5928914069","private","5928914069","Virochan27","Virochan","Yes"
"4616","17/11/2024, 2:00:38 pm","5928914069","private","5928914069","Virochan27","Virochan","How are you doing"
"4626","17/11/2024, 2:01:07 pm","5928914069","private","5928914069","Virochan27","Virochan","Yes"
"4636","17/11/2024, 2:13:06 pm","5928914069","private","5928914069","Virochan27","Virochan","Yes"
"4646","17/11/2024, 2:21:04 pm","5928914069","private","5928914069","Virochan27","Virochan","Yes"
"4656","17/11/2024, 2:27:56 pm","5928914069","private","5928914069","Virochan27","Virochan","Yes"
"4664","17/11/2024, 2:29:25 pm","5928914069","private","5928914069","Virochan27","Virochan","Yes"
"4672","17/11/2024, 2:29:41 pm","5928914069","private","5928914069","Virochan27","Virochan","No"
"4680","17/11/2024, 2:58:32 pm","5928914069","private","5928914069","Virochan27","Virochan","Yes"
"4687","17/11/2024, 3:00:12 pm","5928914069","private","5928914069","Virochan27","Virochan","Yes"
"4694","17/11/2024, 3:03:53 pm","5928914069","private","5928914069","Virochan27","Virochan","Yes"
"4701","17/11/2024, 3:04:44 pm","5928914069","private","5928914069","Virochan27","Virochan","Yes"
"4708","17/11/2024, 3:09:13 pm","5928914069","private","5928914069","Virochan27","Virochan","Yes"
"4715","17/11/2024, 3:16:07 pm","5928914069","private","5928914069","Virochan27","Virochan","Yes"
"4723","17/11/2024, 3:17:10 pm","5928914069","private","5928914069","Virochan27","Virochan","Y"
"4730","17/11/2024, 3:20:55 pm","5928914069","private","5928914069","Virochan27","Virochan","Yes"
"4732","17/11/2024, 3:21:00 pm","5928914069","private","5928914069","Virochan27","Virochan","Why"
"4736","17/11/2024, 3:21:10 pm","5928914069","private","5928914069","Virochan27","Virochan","Yes"
"4744","17/11/2024, 3:21:32 pm","5928914069","private","5928914069","Virochan27","Virochan","Ok"
"4751","17/11/2024, 3:22:12 pm","5928914069","private","5928914069","Virochan27","Virochan","Yes"
"4753","17/11/2024, 3:30:19 pm","5928914069","private","5928914069","Virochan27","Virochan","Os"
"4755","17/11/2024, 3:30:29 pm","5928914069","private","5928914069","Virochan27","Virochan","Os exam"
"4757","17/11/2024, 3:51:10 pm","5928914069","private","5928914069","Virochan27","Virochan","Hello"
"4759","17/11/2024, 3:51:16 pm","5928914069","private","5928914069","Virochan27","Virochan","Next class"
"4761","17/11/2024, 3:51:59 pm","5928914069","private","5928914069","Virochan27","Virochan","Yyyyyy"
"4769","17/11/2024, 3:52:17 pm","5928914069","private","5928914069","Virochan27","Virochan","Ok"
"4773","17/11/2024, 3:57:28 pm","5928914069","private","5928914069","Virochan27","Virochan","Wake up the server"
"4775","17/11/2024, 3:58:11 pm","5928914069","private","5928914069","Virochan27","Virochan","Wake up the server"
"4777","17/11/2024, 3:59:48 pm","5928914069","private","5928914069","Virochan27","Virochan","Ann notes"
"4789","17/11/2024, 4:06:51 pm","5928914069","private","5928914069","Virochan27","Virochan","Yes"
"4797","17/11/2024, 4:07:32 pm","6562925416","private","6562925416","Virochan2004","Virochan","Yes"
"4805","17/11/2024, 4:08:19 pm","6562925416","private","6562925416","Virochan2004","Virochan","Yes"
"4813","17/11/2024, 4:08:59 pm","6562925416","private","6562925416","Virochan2004","Virochan","Yes"
"4821","17/11/2024, 4:09:59 pm","6562925416","private","6562925416","Virochan2004","Virochan","Yes"
"4830","17/11/2024, 4:13:50 pm","5928914069","private","5928914069","Virochan27","Virochan","Yes"
"4838","17/11/2024, 4:14:08 pm","6562925416","private","6562925416","Virochan2004","Virochan","Yes"
"4847","17/11/2024, 4:14:52 pm","6562925416","private","6562925416","Virochan2004","Virochan","Yes"
"4856","17/11/2024, 4:17:38 pm","6562925416","private","6562925416","Virochan2004","Virochan","Yes"
"4865","17/11/2024, 4:20:31 pm","6562925416","private","6562925416","Virochan2004","Virochan","Yes"
"4874","17/11/2024, 4:21:42 pm","6562925416","private","6562925416","Virochan2004","Virochan","Yes"
"4883","17/11/2024, 4:24:41 pm","6562925416","private","6562925416","Virochan2004","Virochan","Yes"
"4893","17/11/2024, 4:26:19 pm","6562925416","private","6562925416","Virochan2004","Virochan","Yes"
"4901","17/11/2024, 4:27:04 pm","6562925416","private","6562925416","Virochan2004","Virochan","Yes"
"4906","17/11/2024, 4:28:52 pm","5928914069","private","5928914069","Virochan27","Virochan","/start"
"4912","17/11/2024, 4:29:44 pm","5928914069","private","5928914069","Virochan27","Virochan","Yes"
"4918","17/11/2024, 4:32:04 pm","6562925416","private","6562925416","Virochan2004","Virochan","Yes"
"4923","17/11/2024, 4:39:08 pm","5928914069","private","5928914069","Virochan27","Virochan","Ooo"
"4929","17/11/2024, 4:39:24 pm","5928914069","private","5928914069","Virochan27","Virochan","Ok"
"4940","17/11/2024, 4:40:34 pm","6562925416","private","6562925416","Virochan2004","Virochan","Yes"
"4948","17/11/2024, 4:42:10 pm","6562925416","private","6562925416","Virochan2004","Virochan","No"
"4955","17/11/2024, 4:43:39 pm","5928914069","private","5928914069","Virochan27","Virochan","How are you"
"4966","17/11/2024, 4:49:50 pm","6562925416","private","6562925416","Virochan2004","Virochan","N"
"4974","17/11/2024, 4:51:25 pm","6562925416","private","6562925416","Virochan2004","Virochan","No"
"4981","17/11/2024, 4:52:41 pm","6562925416","private","6562925416","Virochan2004","Virochan","No"
"4989","17/11/2024, 4:53:14 pm","6562925416","private","6562925416","Virochan2004","Virochan","Yes"
"5004","17/11/2024, 5:07:14 pm","6562925416","private","6562925416","Virochan2004","Virochan","He'll"
"5012","17/11/2024, 5:08:29 pm","6562925416","private","6562925416","Virochan2004","Virochan","What is my attendance"
"5015","17/11/2024, 5:29:38 pm","5928914069","private","5928914069","Virochan27","Virochan","Ia marks"
"5017","17/11/2024, 5:29:46 pm","5928914069","private","5928914069","Virochan27","Virochan","Attendance"
"5019","17/11/2024, 5:30:01 pm","5928914069","private","5928914069","Virochan27","Virochan","How much attendance should we maintain"
"5023","17/11/2024, 5:30:34 pm","5928914069","private","5928914069","Virochan27","Virochan","Attendance"
"5025","17/11/2024, 5:30:54 pm","5928914069","private","5928914069","Virochan27","Virochan","Send me ia marks and attendance"
"5028","17/11/2024, 5:31:11 pm","5928914069","private","5928914069","Virochan27","Virochan","Send me os ia marks"
"5030","17/11/2024, 5:31:36 pm","5928914069","private","5928914069","Virochan27","Virochan","Send me ia marks, ia marks and attendance"
"5034","17/11/2024, 5:47:30 pm","5928914069","private","5928914069","Virochan27","Virochan","Next deadlines"
"5036","17/11/2024, 5:47:56 pm","5928914069","private","5928914069","Virochan27","Virochan","Deadline"
"5038","17/11/2024, 5:48:15 pm","5928914069","private","5928914069","Virochan27","Virochan","Today's schedule"
"5040","17/11/2024, 5:49:26 pm","5928914069","private","5928914069","Virochan27","Virochan","Next deadlines"
"5042","17/11/2024, 5:50:08 pm","5928914069","private","5928914069","Virochan27","Virochan","Next deadlines"
"5044","17/11/2024, 5:50:27 pm","5928914069","private","5928914069","Virochan27","Virochan","Next deadlines"
"5046","17/11/2024, 5:50:45 pm","5928914069","private","5928914069","Virochan27","Virochan","Next deadline"
"5048","17/11/2024, 5:51:17 pm","5928914069","private","5928914069","Virochan27","Virochan","Next os assignment"
"5050","17/11/2024, 5:51:25 pm","5928914069","private","5928914069","Virochan27","Virochan","Next ann assignment"
"5052","17/11/2024, 5:51:37 pm","5928914069","private","5928914069","Virochan27","Virochan","Next cn assignment"
"5054","17/11/2024, 5:51:47 pm","5928914069","private","5928914069","Virochan27","Virochan","Next assignment"
"5056","17/11/2024, 5:52:37 pm","5928914069","private","5928914069","Virochan27","Virochan","Next os deadline"
"5058","17/11/2024, 6:01:55 pm","5928914069","private","5928914069","Virochan27","Virochan","Next os deadline"
"5060","17/11/2024, 6:02:06 pm","5928914069","private","5928914069","Virochan27","Virochan","Next ann assignment"
"5062","17/11/2024, 6:02:15 pm","5928914069","private","5928914069","Virochan27","Virochan","Next assignment"
"5064","17/11/2024, 6:03:53 pm","5928914069","private","5928914069","Virochan27","Virochan","Next cn assignment"
"5066","17/11/2024, 6:04:00 pm","5928914069","private","5928914069","Virochan27","Virochan","Next assignment"
"5068","17/11/2024, 6:04:23 pm","5928914069","private","5928914069","Virochan27","Virochan","Next deadlines"
"5070","17/11/2024, 6:05:59 pm","5928914069","private","5928914069","Virochan27","Virochan","Next deadlines"
"5072","17/11/2024, 6:14:54 pm","5928914069","private","5928914069","Virochan27","Virochan","Next submission"
"5074","17/11/2024, 6:15:02 pm","5928914069","private","5928914069","Virochan27","Virochan","Next ann submission"
"5076","17/11/2024, 6:15:10 pm","5928914069","private","5928914069","Virochan27","Virochan","Next cn assignment"
"5077","17/11/2024, 6:15:20 pm","5928914069","private","5928914069","Virochan27","Virochan","Next os assignment"
"5079","17/11/2024, 6:15:30 pm","5928914069","private","5928914069","Virochan27","Virochan","Next ds assignment"
"5080","17/11/2024, 6:19:14 pm","5928914069","private","5928914069","Virochan27","Virochan","Next os assignment"
"5082","17/11/2024, 6:19:22 pm","5928914069","private","5928914069","Virochan27","Virochan","Next ann miniproject"
"5084","17/11/2024, 6:19:32 pm","5928914069","private","5928914069","Virochan27","Virochan","Next cn assignment"
"5086","17/11/2024, 6:19:41 pm","5928914069","private","5928914069","Virochan27","Virochan","Next assignment"
"5088","17/11/2024, 6:19:50 pm","5928914069","private","5928914069","Virochan27","Virochan","Next deadlines"
"5090","17/11/2024, 6:19:58 pm","5928914069","private","5928914069","Virochan27","Virochan","Next seminar"
"5092","17/11/2024, 6:20:22 pm","5928914069","private","5928914069","Virochan27","Virochan","Is there any thing to submit"
"5094","17/11/2024, 6:20:39 pm","5928914069","private","5928914069","Virochan27","Virochan","Next what should we submit"
"5096","17/11/2024, 6:44:26 pm","5928914069","private","5928914069","Virochan27","Virochan","Hello"
"5098","17/11/2024, 6:44:37 pm","5928914069","private","5928914069","Virochan27","Virochan","Send me ann notes"
"5106","17/11/2024, 6:45:22 pm","5928914069","private","5928914069","Virochan27","Virochan","Os"
"5109","17/11/2024, 6:45:38 pm","5928914069","private","5928914069","Virochan27","Virochan","Assignment"
"5111","17/11/2024, 6:45:48 pm","5928914069","private","5928914069","Virochan27","Virochan","Os assignment"
"5113","17/11/2024, 6:45:54 pm","5928914069","private","5928914069","Virochan27","Virochan","Today's submission"
"5115","17/11/2024, 6:46:01 pm","5928914069","private","5928914069","Virochan27","Virochan","Tomorrow's"
"5117","17/11/2024, 6:46:11 pm","5928914069","private","5928914069","Virochan27","Virochan","Tomorrow's submission"
"5119","17/11/2024, 6:46:20 pm","5928914069","private","5928914069","Virochan27","Virochan","Next submission"
"5121","17/11/2024, 6:46:36 pm","5928914069","private","5928914069","Virochan27","Virochan","Next os assignment"
"5123","17/11/2024, 6:46:43 pm","5928914069","private","5928914069","Virochan27","Virochan","Next cn assignment"
"5125","17/11/2024, 6:49:10 pm","5928914069","private","5928914069","Virochan27","Virochan","Next os assignment"
"5126","17/11/2024, 6:49:34 pm","5928914069","private","5928914069","Virochan27","Virochan","Next os assignment"
"5128","17/11/2024, 6:50:28 pm","5928914069","private","5928914069","Virochan27","Virochan","Next os assignment"
"5129","17/11/2024, 6:50:44 pm","5928914069","private","5928914069","Virochan27","Virochan","Next os assignment"
"5131","17/11/2024, 6:51:01 pm","5928914069","private","5928914069","Virochan27","Virochan","Ia marks"
"5133","17/11/2024, 6:51:11 pm","5928914069","private","5928914069","Virochan27","Virochan","Attendance"
"5135","17/11/2024, 6:51:40 pm","5928914069","private","5928914069","Virochan27","Virochan","Ann"
"5137","17/11/2024, 6:51:49 pm","5928914069","private","5928914069","Virochan27","Virochan","Mahesh"
"5139","17/11/2024, 6:54:55 pm","5928914069","private","5928914069","Virochan27","Virochan","Next seminar"
"5141","17/11/2024, 7:40:49 pm","5928914069","private","5928914069","Virochan27","Virochan","Hello"
"5143","17/11/2024, 7:40:57 pm","5928914069","private","5928914069","Virochan27","Virochan","Next class"
"5145","17/11/2024, 7:41:11 pm","5928914069","private","5928914069","Virochan27","Virochan","Send me ann notes"
"5157","17/11/2024, 7:59:08 pm","5928914069","private","5928914069","Virochan27","Virochan","Yes"
"5159","17/11/2024, 7:59:59 pm","5928914069","private","5928914069","Virochan27","Virochan","Hello"
"5165","17/11/2024, 8:00:24 pm","5928914069","private","5928914069","Virochan27","Virochan","Yes"
"5173","17/11/2024, 8:00:54 pm","5928914069","private","5928914069","Virochan27","Virochan","Yes"
"5180","17/11/2024, 8:01:38 pm","6562925416","private","6562925416","Virochan2004","Virochan","No"
"5188","17/11/2024, 8:02:09 pm","6562925416","private","6562925416","Virochan2004","Virochan","Yes"
"5192","17/11/2024, 11:32:25 pm","5928914069","private","5928914069","Virochan27","Virochan","Hello"
"5205","17/11/2024, 11:40:27 pm","5928914069","private","5928914069","Virochan27","Virochan","Hello"
"5207","17/11/2024, 11:40:31 pm","5928914069","private","5928914069","Virochan27","Virochan","Are you ok"
"5213","18/11/2024, 12:46:31 am","5928914069","private","5928914069","Virochan27","Virochan","Hii"
"5215","18/11/2024, 12:46:39 am","5928914069","private","5928914069","Virochan27","Virochan","Do i hv cls tdy"
"5217","18/11/2024, 12:46:47 am","5928914069","private","5928914069","Virochan27","Virochan","tmr"
"5219","18/11/2024, 12:46:59 am","5928914069","private","5928914069","Virochan27","Virochan","tmr cls"
"5221","18/11/2024, 12:48:47 am","5928914069","private","5928914069","Virochan27","Virochan","Do I hv cls tdy?"
"5223","18/11/2024, 12:48:53 am","5928914069","private","5928914069","Virochan27","Virochan","Any cls tmrw?"
"5225","18/11/2024, 12:49:01 am","5928914069","private","5928914069","Virochan27","Virochan","Wats the cls schdule fr tdy?"
"5231","18/11/2024, 12:49:18 am","5928914069","private","5928914069","Virochan27","Virochan","cn"
"5233","18/11/2024, 12:49:28 am","5928914069","private","5928914069","Virochan27","Virochan","what?"
"5237","18/11/2024, 12:50:12 am","5928914069","private","5928914069","Virochan27","Virochan","R there cls on Sat?"
"5239","18/11/2024, 12:50:19 am","5928914069","private","5928914069","Virochan27","Virochan","Hv I got ANN tday?"
"5245","18/11/2024, 12:50:42 am","5928914069","private","5928914069","Virochan27","Virochan","os lab"
"5247","18/11/2024, 12:50:56 am","5928914069","private","5928914069","Virochan27","Virochan","Is there any cls aftr lunch?"
"5251","18/11/2024, 12:51:06 am","5928914069","private","5928914069","Virochan27","Virochan","Whn is nxt cls?"
"5253","18/11/2024, 12:51:11 am","5928914069","private","5928914069","Virochan27","Virochan","Hv I missed the frst period?"
"5255","18/11/2024, 12:57:38 am","5928914069","private","5928914069","Virochan27","Virochan","Hv I missed the frst period?"
"5257","18/11/2024, 12:58:12 am","5928914069","private","5928914069","Virochan27","Virochan","Wht r the cls timings tdy?"
"5259","18/11/2024, 12:58:18 am","5928914069","private","5928914069","Virochan27","Virochan","Any brk btwn clses tday?"
"5265","18/11/2024, 12:58:36 am","5928914069","private","5928914069","Virochan27","Virochan","2"
"5267","18/11/2024, 12:58:49 am","5928914069","private","5928914069","Virochan27","Virochan","Wats nxt aftr this cls?"
"5269","18/11/2024, 12:58:58 am","5928914069","private","5928914069","Virochan27","Virochan","Wat is today's ANN cls time?"
"5275","18/11/2024, 12:59:26 am","5928914069","private","5928914069","Virochan27","Virochan","Is the CN lab in tdy's schdule?"
"5277","18/11/2024, 12:59:36 am","5928914069","private","5928914069","Virochan27","Virochan","Wat cls do I hv nxt?"
"5279","18/11/2024, 12:59:42 am","5928914069","private","5928914069","Virochan27","Virochan","Whn does cls strt tmrw?"
"5281","18/11/2024, 12:59:48 am","5928914069","private","5928914069","Virochan27","Virochan","Is thr cls aftr brk?"
"5283","18/11/2024, 12:59:53 am","5928914069","private","5928914069","Virochan27","Virochan","Whts the cls plan fr tmrw?"
"5285","18/11/2024, 1:05:28 am","5928914069","private","5928914069","Virochan27","Virochan","Is thr cls aftr brk?"
"5287","18/11/2024, 1:11:57 am","5928914069","private","5928914069","Virochan27","Virochan","Is thr cls aftr brk?"
"5289","18/11/2024, 1:12:19 am","5928914069","private","5928914069","Virochan27","Virochan","is there class after break"
"5291","18/11/2024, 1:12:28 am","5928914069","private","5928914069","Virochan27","Virochan","next xlass"
"5293","18/11/2024, 1:12:48 am","5928914069","private","5928914069","Virochan27","Virochan","Wat is today's ANN cls time?"
"5299","18/11/2024, 1:31:05 am","5928914069","private","5928914069","Virochan27","Virochan","os lab"
"5305","18/11/2024, 1:31:44 am","5928914069","private","5928914069","Virochan27","Virochan","b1"
"5309","18/11/2024, 1:31:54 am","5928914069","private","5928914069","Virochan27","Virochan","os"
"5311","18/11/2024, 1:33:28 am","5928914069","private","5928914069","Virochan27","Virochan","Hv cls strtd?"
"5313","18/11/2024, 1:33:38 am","5928914069","private","5928914069","Virochan27","Virochan","R we free tdy?"
"5315","18/11/2024, 1:33:49 am","5928914069","private","5928914069","Virochan27","Virochan","Is there cls aftr lunch?"
"5317","18/11/2024, 1:34:07 am","5928914069","private","5928914069","Virochan27","Virochan","Whtâ€™s the plan tdy?"
"5319","18/11/2024, 1:34:16 am","5928914069","private","5928914069","Virochan27","Virochan","Do I need to go fr cls nw?"
"5321","18/11/2024, 1:34:32 am","5928914069","private","5928914069","Virochan27","Virochan","Is thr any cls in the mrning?"
"5323","18/11/2024, 1:34:41 am","5928914069","private","5928914069","Virochan27","Virochan","Wat is the frst cls tdy?"
"5325","18/11/2024, 1:34:51 am","5928914069","private","5928914069","Virochan27","Virochan","Any cls in evng?"
"5327","18/11/2024, 1:35:01 am","5928914069","private","5928914069","Virochan27","Virochan","R labs schduled tmrw?"
"5329","18/11/2024, 1:35:07 am","5928914069","private","5928914069","Virochan27","Virochan","Hv ANN cls at 9?"
"5331","18/11/2024, 2:15:54 am","5928914069","private","5928914069","Virochan27","Virochan","/command1"
"5333","18/11/2024, 2:16:28 am","5928914069","private","5928914069","Virochan27","Virochan","/start"
"5335","18/11/2024, 2:16:37 am","5928914069","private","5928914069","Virochan27","Virochan","/command"
"5337","18/11/2024, 2:17:49 am","5928914069","private","5928914069","Virochan27","Virochan","/today"
"5339","18/11/2024, 2:17:59 am","5928914069","private","5928914069","Virochan27","Virochan","/today"
"5341","18/11/2024, 2:24:58 am","5928914069","private","5928914069","Virochan27","Virochan","What can you do?"
"5343","18/11/2024, 2:39:50 am","5928914069","private","5928914069","Virochan27","Virochan","Hello"
"5347","18/11/2024, 2:42:30 am","5928914069","private","5928914069","Virochan27","Virochan","/start"
"5355","18/11/2024, 2:43:09 am","5928914069","private","5928914069","Virochan27","Virochan","Yes"
"5357","18/11/2024, 2:43:40 am","6562925416","private","6562925416","Virochan2004","Virochan","/start"
"5365","18/11/2024, 2:44:21 am","5928914069","private","5928914069","Virochan27","Virochan","Yes"
"5374","18/11/2024, 2:46:02 am","6562925416","private","6562925416","Virochan2004","Virochan","Yea"
"5382","18/11/2024, 2:47:36 am","6562925416","private","6562925416","Virochan2004","Virochan","Yes"
"5386","18/11/2024, 2:48:59 am","5928914069","private","5928914069","Virochan27","Virochan","Today's schedule"
"5388","18/11/2024, 2:49:15 am","5928914069","private","5928914069","Virochan27","Virochan","Nxt cls"
"5390","18/11/2024, 2:49:22 am","5928914069","private","5928914069","Virochan27","Virochan","Hlo"
"5392","18/11/2024, 2:49:27 am","5928914069","private","5928914069","Virochan27","Virochan","Gn"
"5396","18/11/2024, 2:52:41 am","5928914069","private","5928914069","Virochan27","Virochan","ðŸ˜‚"
"5398","18/11/2024, 2:53:01 am","5928914069","private","5928914069","Virochan27","Virochan","ðŸ˜‚"
"5401","18/11/2024, 6:27:01 am","5928914069","private","5928914069","Virochan27","Virochan","Wake up the server"
"5403","18/11/2024, 6:29:01 am","5928914069","private","5928914069","Virochan27","Virochan","Wake up the server"
"5416","18/11/2024, 11:55:13 am","5563300459","private","5563300459",,"Sankarshana","/start"
"5427","18/11/2024, 11:56:23 am","5563300459","private","5563300459",,"Sankarshana","Ann"
"5433","18/11/2024, 11:56:41 am","5563300459","private","5563300459",,"Sankarshana","Cn"
"5437","18/11/2024, 11:56:57 am","5563300459","private","5563300459",,"Sankarshana","Cn"
"5449","18/11/2024, 11:57:19 am","5563300459","private","5563300459",,"Sankarshana","Yes"
"5452","18/11/2024, 11:57:44 am","6562925416","private","6562925416","Virochan2004","Virochan","/start"
"5454","18/11/2024, 11:57:51 am","5563300459","private","5563300459",,"Sankarshana","Assignment"
"5456","18/11/2024, 11:58:04 am","5563300459","private","5563300459",,"Sankarshana","Tell"
"5460","18/11/2024, 11:58:15 am","5563300459","private","5563300459",,"Sankarshana","Wt is your name"
"5464","18/11/2024, 11:58:26 am","5563300459","private","5563300459",,"Sankarshana","Who r u"
"5468","18/11/2024, 11:58:38 am","6562925416","private","6562925416","Virochan2004","Virochan","Yes"
"5472","18/11/2024, 11:59:07 am","5563300459","private","5563300459",,"Sankarshana","Sari"
"5474","18/11/2024, 11:59:11 am","5563300459","private","5563300459",,"Sankarshana","Mayte"
"5476","18/11/2024, 11:59:14 am","5563300459","private","5563300459",,"Sankarshana","Mate"
"5482","18/11/2024, 1:44:49 pm","5928914069","private","5928914069","Virochan27","Virochan","What is your name"
"5494","18/11/2024, 1:54:43 pm","5928914069","private","5928914069","Virochan27","Virochan","ann"
"5500","18/11/2024, 1:54:51 pm","5928914069","private","5928914069","Virochan27","Virochan","knw ur name?"
"5516","18/11/2024, 1:57:09 pm","5928914069","private","5928914069","Virochan27","Virochan","Whatâ€™s ur good name?"
"5522","18/11/2024, 1:57:40 pm","5928914069","private","5928914069","Virochan27","Virochan","Tell ur name bro/sis"
"5528","18/11/2024, 1:57:59 pm","5928914069","private","5928914069","Virochan27","Virochan","Ur name plz"
"5550","18/11/2024, 2:25:52 pm","5928914069","private","5928914069","Virochan27","Virochan","fk"
"5554","18/11/2024, 2:26:18 pm","5928914069","private","5928914069","Virochan27","Virochan","gv me tmr tt"
"5556","18/11/2024, 2:26:33 pm","5928914069","private","5928914069","Virochan27","Virochan","do v hv cls tmr"
"5558","19/11/2024, 6:27:01 am","5928914069","private","5928914069","Virochan27","Virochan","Wake up the server"
"5560","19/11/2024, 6:29:01 am","5928914069","private","5928914069","Virochan27","Virochan","Wake up the server"
"5571","19/11/2024, 8:56:04 am","5928914069","private","5928914069","Virochan27","Virochan","Give me os module 1 notes"
"5572","19/11/2024, 8:56:23 am","5928914069","private","5928914069","Virochan27","Virochan","Give me os module 1 notes"
"5578","19/11/2024, 3:57:30 pm","5928914069","private","5928914069","Virochan27","Virochan","Send os module 2"
"5580","19/11/2024, 9:22:45 pm","5928914069","private","5928914069","Virochan27","Virochan","Send os m3"
"5583","19/11/2024, 11:10:38 pm","5928914069","private","5928914069","Virochan27","Virochan","Next exam"
"5585","20/11/2024, 6:27:01 am","5928914069","private","5928914069","Virochan27","Virochan","Wake up the server"
"5587","20/11/2024, 6:29:01 am","5928914069","private","5928914069","Virochan27","Virochan","Wake up the server"
"5607","20/11/2024, 11:56:59 am","5563300459","private","5563300459",,"Sankarshana","Wt about exm"
"5608","20/11/2024, 11:57:29 am","5563300459","private","5563300459",,"Sankarshana","Respond"
"5610","20/11/2024, 11:57:38 am","5563300459","private","5563300459",,"Sankarshana","Wt about exam"
"5612","20/11/2024, 11:57:46 am","5563300459","private","5563300459",,"Sankarshana","Time"
"5617","20/11/2024, 8:50:38 pm","5928914069","private","5928914069","Virochan27","Virochan","Ann module 1"
"5619","20/11/2024, 8:58:07 pm","5884241843","private","5884241843",,"Yashwith","/start"
"5621","20/11/2024, 8:58:17 pm","5884241843","private","5884241843",,"Yashwith","Ann notes"
"5627","20/11/2024, 9:21:44 pm","5928914069","private","5928914069","Virochan27","Virochan","Module 5 ann"
"5628","20/11/2024, 9:22:05 pm","5928914069","private","5928914069","Virochan27","Virochan","Ann module 5"
"5631","21/11/2024, 9:24:35 am","5928914069","private","5928914069","Virochan27","Virochan","Ann notes"
"5637","21/11/2024, 1:02:29 pm","5884241843","private","5884241843",,"Yashwith","When is my exam"
"5638","21/11/2024, 1:03:00 pm","5884241843","private","5884241843",,"Yashwith","Hello"
"5640","21/11/2024, 1:03:16 pm","5884241843","private","5884241843",,"Yashwith","Can you check exam dates"
"5644","21/11/2024, 6:54:24 pm","5928914069","private","5928914069","Virochan27","Virochan","Can you check exam dates"
"5648","21/11/2024, 6:55:13 pm","5928914069","private","5928914069","Virochan27","Virochan","When is my exam?"
"5650","21/11/2024, 8:11:50 pm","5563300459","private","5563300459",,"Sankarshana","Hleoo"
"5654","21/11/2024, 8:12:29 pm","5563300459","private","5563300459",,"Sankarshana","Which exm tom"
"5656","21/11/2024, 10:58:57 pm","5884241843","private","5884241843",,"Yashwith","Ann module 2 and 3 noted"
"5659","22/11/2024, 6:27:01 am","5928914069","private","5928914069","Virochan27","Virochan","Wake up the server"
"5661","22/11/2024, 6:29:01 am","5928914069","private","5928914069","Virochan27","Virochan","Wake up the server"
"5667","22/11/2024, 6:49:10 am","5563300459","private","5563300459",,"Sankarshana","Give qb of ann"
"5668","22/11/2024, 6:49:37 am","5563300459","private","5563300459",,"Sankarshana","Hello"
"5674","22/11/2024, 6:50:06 am","5563300459","private","5563300459",,"Sankarshana","Ann question bank"
"5676","22/11/2024, 10:49:31 am","5928914069","private","5928914069","Virochan27","Virochan","Which exam tom"
"5677","22/11/2024, 10:49:54 am","5928914069","private","5928914069","Virochan27","Virochan","Which exam tom"
"5679","22/11/2024, 10:50:08 am","5928914069","private","5928914069","Virochan27","Virochan","Today's exam"
"5681","23/11/2024, 9:18:02 am","5928914069","private","5928914069","Virochan27","Virochan","Send cn notes"
"5687","24/11/2024, 9:15:52 am","5884241843","private","5884241843",,"Yashwith","Cn module notes"
"5693","24/11/2024, 9:49:57 am","5928914069","private","5928914069","Virochan27","Virochan","Wake up the server"
"5695","25/11/2024, 6:27:01 am","5928914069","private","5928914069","Virochan27","Virochan","Wake up the server"
"5701","26/11/2024, 9:17:14 am","5928914069","private","5928914069","Virochan27","Virochan","Daa notes"
"5702","26/11/2024, 9:17:42 am","5928914069","private","5928914069","Virochan27","Virochan","Daa Notes"
"5713","26/11/2024, 2:38:11 pm","5884241843","private","5884241843",,"Yashwith","Daa notes"
"5719","27/11/2024, 6:01:35 am","5928914069","private","5928914069","Virochan27","Virochan","Wake up the server"
"5725","28/11/2024, 11:27:52 am","5563300459","private","5563300459",,"Sankarshana","Ds notes"
"5729","28/11/2024, 2:40:23 pm","5928914069","private","5928914069","Virochan27","Virochan","Ds notes"
"5733","29/11/2024, 6:27:01 am","5928914069","private","5928914069","Virochan27","Virochan","Wake up the server"
"5739","30/11/2024, 12:14:45 am","5928914069","private","5928914069","Virochan27","Virochan","Wake up the server"
"5741","30/11/2024, 12:15:55 am","5928914069","private","5928914069","Virochan27","Virochan","Wake up the server"
"5743","30/11/2024, 12:34:53 am","5928914069","private","5928914069","Virochan27","Virochan","Wake up the server"
"5744","30/11/2024, 12:35:10 am","6562925416","private","6562925416","Virochan2004","Virochan","Wake up the server"
"5746","30/11/2024, 12:35:35 am","5928914069","private","5928914069","Virochan27","Virochan","Wake up the server"
"5748","30/11/2024, 6:33:07 am","5928914069","private","5928914069","Virochan27","Virochan","Wake up the server"
"5750","1/12/2024, 6:27:01 am","5928914069","private","5928914069","Virochan27","Virochan","Wake up the server"
"5752","1/12/2024, 6:31:15 am","5928914069","private","5928914069","Virochan27","Virochan","Wake up the server"
"5754","1/12/2024, 7:31:42 am","5928914069","private","5928914069","Virochan27","Virochan","Wake up the server"
"5756","2/12/2024, 6:27:01 am","5928914069","private","5928914069","Virochan27","Virochan","Wake up the server"
"5758","2/12/2024, 6:31:07 am","5928914069","private","5928914069","Virochan27","Virochan","Wake up the server"
"5760","3/12/2024, 6:32:17 am","5928914069","private","5928914069","Virochan27","Virochan","Wake up the server"
"5762","4/12/2024, 6:27:01 am","5928914069","private","5928914069","Virochan27","Virochan","Wake up the server"
"5764","4/12/2024, 6:32:13 am","5928914069","private","5928914069","Virochan27","Virochan","Wake up the server"
"5766","5/12/2024, 6:27:01 am","5928914069","private","5928914069","Virochan27","Virochan","Wake up the server"
"5768","5/12/2024, 6:30:56 am","5928914069","private","5928914069","Virochan27","Virochan","Wake up the server"
"5770","5/12/2024, 3:43:42 pm","5638122715","private","5638122715",,"V","/start"
"5771","6/12/2024, 6:32:18 am","5928914069","private","5928914069","Virochan27","Virochan","Wake up the server"
"5773","7/12/2024, 6:27:01 am","5928914069","private","5928914069","Virochan27","Virochan","Wake up the server"
"5775","7/12/2024, 6:32:45 am","5928914069","private","5928914069","Virochan27","Virochan","Wake up the server"
"5777","8/12/2024, 6:27:01 am","5928914069","private","5928914069","Virochan27","Virochan","Wake up the server"
"5779","8/12/2024, 6:32:11 am","5928914069","private","5928914069","Virochan27","Virochan","Wake up the server"
"5781","8/12/2024, 7:41:21 am","5928914069","private","5928914069","Virochan27","Virochan","Wake up the server"
"5783","8/12/2024, 8:36:07 am","5928914069","private","5928914069","Virochan27","Virochan","Wake up the server"
"5785","9/12/2024, 6:31:47 am","5928914069","private","5928914069","Virochan27","Virochan","Wake up the server"
"5787","9/12/2024, 8:33:15 pm","5928914069","private","5928914069","Virochan27","Virochan","Wake up the server"
"5788","9/12/2024, 8:33:29 pm","5928914069","private","5928914069","Virochan27","Virochan","Hii"
"5790","9/12/2024, 8:33:34 pm","5928914069","private","5928914069","Virochan27","Virochan","Wake up the server"
"5794","10/12/2024, 6:31:55 am","5928914069","private","5928914069","Virochan27","Virochan","Wake up the server"
"5795","11/12/2024, 10:56:51 pm","5928914069","private","5928914069","Virochan27","Virochan","Wake up the server"
"5796","11/12/2024, 10:57:16 pm","5928914069","private","5928914069","Virochan27","Virochan","Wake up the server"
"5799","11/12/2024, 10:58:32 pm","5928914069","private","5928914069","Virochan27","Virochan","Wake up the server"
"5801","12/12/2024, 9:59:14 pm","5928914069","private","5928914069","Virochan27","Virochan","Wake up the server"
"5805","13/12/2024, 9:53:14 pm","5928914069","private","5928914069","Virochan27","Virochan","Wake up the server"
"5811","13/12/2024, 9:55:35 pm","5928914069","private","5928914069","Virochan27","Virochan","Wake up the server"
"5813","13/12/2024, 9:55:58 pm","5928914069","private","5928914069","Virochan27","Virochan","Wake up the server"
"5815","13/12/2024, 9:56:04 pm","5928914069","private","5928914069","Virochan27","Virochan","Wake up"
"5817","13/12/2024, 9:56:13 pm","5928914069","private","5928914069","Virochan27","Virochan","Wake up the server"
"5819","14/12/2024, 8:52:14 pm","5928914069","private","5928914069","Virochan27","Virochan","Wake up the server"
"5821","14/12/2024, 8:53:17 pm","5928914069","private","5928914069","Virochan27","Virochan","Wake up the server"
"5823","14/12/2024, 8:53:25 pm","5928914069","private","5928914069","Virochan27","Virochan","Wake up the server"
"5825","15/12/2024, 9:01:58 pm","5928914069","private","5928914069","Virochan27","Virochan","Wake up the server"
"5827","15/12/2024, 9:03:21 pm","5928914069","private","5928914069","Virochan27","Virochan","Wake up the server"
"5829","15/12/2024, 9:03:29 pm","5928914069","private","5928914069","Virochan27","Virochan","Wake up the server"
"5831","15/12/2024, 9:03:37 pm","5928914069","private","5928914069","Virochan27","Virochan","Wake up the server"
"5833","15/12/2024, 9:03:42 pm","5928914069","private","5928914069","Virochan27","Virochan","Wake up the server"
"5835","15/12/2024, 9:03:48 pm","5928914069","private","5928914069","Virochan27","Virochan","Wake up the server"
"5837","18/12/2024, 9:31:05 pm","5928914069","private","5928914069","Virochan27","Virochan","Wake up the server"
"5839","18/12/2024, 9:32:35 pm","5928914069","private","5928914069","Virochan27","Virochan","Wake up the server"
"5843","18/12/2024, 10:57:47 pm","5884241843","private","5884241843",,"Yashwith","Time"
"5853","18/12/2024, 10:58:19 pm","5884241843","private","5884241843",,"Yashwith","Hmm"
"5855","20/12/2024, 9:28:00 pm","5928914069","private","5928914069","Virochan27","Virochan","Wake up the server"
"5856","20/12/2024, 9:28:49 pm","5928914069","private","5928914069","Virochan27","Virochan","Wake up the server"
"5859","20/12/2024, 10:02:31 pm","5928914069","private","5928914069","Virochan27","Virochan","Wake up the server"
"5861","21/12/2024, 9:54:24 pm","5928914069","private","5928914069","Virochan27","Virochan","Wake up the server"
"5863","22/12/2024, 9:06:17 pm","5928914069","private","5928914069","Virochan27","Virochan","Wake up the server"
"5865","22/12/2024, 9:06:53 pm","5928914069","private","5928914069","Virochan27","Virochan","Wake up the server"
"5867","22/12/2024, 9:07:38 pm","5928914069","private","5928914069","Virochan27","Virochan","Wake up the server"
"5869","23/12/2024, 10:06:38 pm","5928914069","private","5928914069","Virochan27","Virochan","Wake up the server"
"5871","24/12/2024, 9:50:40 pm","5928914069","private","5928914069","Virochan27","Virochan","Wake up the server"
"5873","24/12/2024, 9:51:19 pm","5928914069","private","5928914069","Virochan27","Virochan","Wake up the server"
"5875","24/12/2024, 9:51:30 pm","5928914069","private","5928914069","Virochan27","Virochan","Wake up the server"
"5877","25/12/2024, 9:54:29 pm","5928914069","private","5928914069","Virochan27","Virochan","Wake up the server"
"5879","25/12/2024, 9:55:14 pm","5928914069","private","5928914069","Virochan27","Virochan","Wake up the server"
"5881","26/12/2024, 9:21:52 pm","5928914069","private","5928914069","Virochan27","Virochan","Wake up the server"
"5883","27/12/2024, 11:26:55 pm","5928914069","private","5928914069","Virochan27","Virochan","Wake up the server"
"5885","27/12/2024, 11:27:34 pm","5928914069","private","5928914069","Virochan27","Virochan","Wake up the server"
"5887","27/12/2024, 11:27:43 pm","5928914069","private","5928914069","Virochan27","Virochan","Wake up the server"
"5889","27/12/2024, 11:27:50 pm","5928914069","private","5928914069","Virochan27","Virochan","Wake up the server"
"5891","28/12/2024, 10:30:55 pm","5928914069","private","5928914069","Virochan27","Virochan","Wake up the server"
"5892","28/12/2024, 10:31:28 pm","5928914069","private","5928914069","Virochan27","Virochan","Wake up the server"
"5896","29/12/2024, 9:58:32 pm","5928914069","private","5928914069","Virochan27","Virochan","Wake up the server"
"5903","29/12/2024, 10:02:17 pm","5928914069","private","5928914069","Virochan27","Virochan","Wake up the server"
"5905","29/12/2024, 10:02:23 pm","5928914069","private","5928914069","Virochan27","Virochan","Wake up the server"
"5907","29/12/2024, 10:02:28 pm","5928914069","private","5928914069","Virochan27","Virochan","Wake up the server"
"5909","30/12/2024, 9:54:24 pm","5928914069","private","5928914069","Virochan27","Virochan","Wake up the server"
"5913","30/12/2024, 9:55:44 pm","5928914069","private","5928914069","Virochan27","Virochan","Wake up the"
"5915","30/12/2024, 9:55:49 pm","5928914069","private","5928914069","Virochan27","Virochan","Wake up the server"
"5917","30/12/2024, 9:55:54 pm","5928914069","private","5928914069","Virochan27","Virochan","Wake up the server"
"5919","31/12/2024, 10:41:58 pm","5928914069","private","5928914069","Virochan27","Virochan","Wake up the server"
"5921","1/1/2025, 10:02:07 pm","5928914069","private","5928914069","Virochan27","Virochan","Wake up the server"
"5924","1/1/2025, 10:02:39 pm","5928914069","private","5928914069","Virochan27","Virochan","Wake up the server"
"5927","1/1/2025, 10:02:59 pm","5928914069","private","5928914069","Virochan27","Virochan","Wake up the server"
"5929","2/1/2025, 10:29:13 pm","5928914069","private","5928914069","Virochan27","Virochan","Wake up the server"
"5931","2/1/2025, 10:30:52 pm","5928914069","private","5928914069","Virochan27","Virochan","Wake up the server"
"5933","2/1/2025, 10:30:57 pm","5928914069","private","5928914069","Virochan27","Virochan","Wake up the"
"5935","2/1/2025, 10:31:01 pm","5928914069","private","5928914069","Virochan27","Virochan","Wake up the server"
"5937","3/1/2025, 11:00:22 pm","5928914069","private","5928914069","Virochan27","Virochan","Wake up the server"
"5939","3/1/2025, 11:01:16 pm","5928914069","private","5928914069","Virochan27","Virochan","Wake up the server"
"5941","3/1/2025, 11:01:20 pm","5928914069","private","5928914069","Virochan27","Virochan","Wake up the server"
"5943","4/1/2025, 9:25:06 pm","5928914069","private","5928914069","Virochan27","Virochan","Wake up the server"
"5945","4/1/2025, 9:33:39 pm","5928914069","private","5928914069","Virochan27","Virochan","Wake up the server"
"5947","5/1/2025, 10:44:51 pm","5928914069","private","5928914069","Virochan27","Virochan","Wake up the server"
"5949","5/1/2025, 10:46:21 pm","5928914069","private","5928914069","Virochan27","Virochan","Wake up the server"
"5951","5/1/2025, 10:46:25 pm","5928914069","private","5928914069","Virochan27","Virochan","Wake up the server"
"5953","5/1/2025, 10:46:28 pm","5928914069","private","5928914069","Virochan27","Virochan","Wake up the server"
"5955","6/1/2025, 9:32:03 pm","5928914069","private","5928914069","Virochan27","Virochan","Wake up the server"
"5957","6/1/2025, 11:50:46 pm","5928914069","private","5928914069","Virochan27","Virochan","Wake up the server"
"5959","7/1/2025, 11:55:36 pm","5928914069","private","5928914069","Virochan27","Virochan","Wake up the server"
"5961","7/1/2025, 11:56:26 pm","5928914069","private","5928914069","Virochan27","Virochan","Wake up the server"
"5963","7/1/2025, 11:56:33 pm","5928914069","private","5928914069","Virochan27","Virochan","Ping successful!"
"5965","7/1/2025, 11:57:58 pm","5928914069","private","5928914069","Virochan27","Virochan","Wake up the server"
"5970","8/1/2025, 10:44:59 pm","5928914069","private","5928914069","Virochan27","Virochan","Wake up the server"
"5973","8/1/2025, 10:46:48 pm","5928914069","private","5928914069","Virochan27","Virochan","Wake up the server"
"5975","9/1/2025, 11:47:23 pm","5928914069","private","5928914069","Virochan27","Virochan","Wake up the server"
"5977","9/1/2025, 11:48:51 pm","5928914069","private","5928914069","Virochan27","Virochan","Wake up the server"
"5979","10/1/2025, 5:49:28 pm","5928914069","private","5928914069","Virochan27","Virochan","Today's schedule"
"5981","10/1/2025, 6:04:00 pm","5928914069","private","5928914069","Virochan27","Virochan","Which is next class"
"5983","10/1/2025, 6:04:23 pm","5928914069","private","5928914069","Virochan27","Virochan","Ann assignment"
"5985","10/1/2025, 6:04:52 pm","5928914069","private","5928914069","Virochan27","Virochan","Ann assignment"
"5987","10/1/2025, 6:50:24 pm","5928914069","private","5928914069","Virochan27","Virochan","Ann"
"5989","10/1/2025, 6:52:11 pm","5928914069","private","5928914069","Virochan27","Virochan","Ann"
"5991","10/1/2025, 6:52:19 pm","5928914069","private","5928914069","Virochan27","Virochan","Class advisor"
"5995","10/1/2025, 6:52:28 pm","5928914069","private","5928914069","Virochan27","Virochan","Hello"
"5997","10/1/2025, 6:52:36 pm","5928914069","private","5928914069","Virochan27","Virochan","Second subject"
"6001","10/1/2025, 6:52:54 pm","5928914069","private","5928914069","Virochan27","Virochan","B1"
"6003","10/1/2025, 7:25:33 pm","5928914069","private","5928914069","Virochan27","Virochan","Sscd"
"6005","10/1/2025, 7:25:40 pm","5928914069","private","5928914069","Virochan27","Virochan","Iot"
"6007","10/1/2025, 7:25:49 pm","5928914069","private","5928914069","Virochan27","Virochan","When is iot period"
"6009","10/1/2025, 7:26:01 pm","5928914069","private","5928914069","Virochan27","Virochan","Who is madhusudha"
"6011","10/1/2025, 7:26:13 pm","5928914069","private","5928914069","Virochan27","Virochan","Who is class advisor"
"6015","10/1/2025, 7:30:02 pm","5928914069","private","5928914069","Virochan27","Virochan","Mahesh"
"6018","10/1/2025, 7:37:59 pm","5928914069","private","5928914069","Virochan27","Virochan","Tomorrow's timetable"
"6020","10/1/2025, 7:38:11 pm","5928914069","private","5928914069","Virochan27","Virochan","Dlt assignment"
"6022","10/1/2025, 7:41:12 pm","5928914069","private","5928914069","Virochan27","Virochan","Dlt assignment"
"6024","10/1/2025, 7:41:19 pm","5928914069","private","5928914069","Virochan27","Virochan","Dlt deadline"
"6025","10/1/2025, 7:41:38 pm","5928914069","private","5928914069","Virochan27","Virochan","Deadline"
"6027","10/1/2025, 7:43:28 pm","5928914069","private","5928914069","Virochan27","Virochan","Exam"
"6029","10/1/2025, 7:43:41 pm","5928914069","private","5928914069","Virochan27","Virochan","Deadline"
"6031","10/1/2025, 7:48:38 pm","5928914069","private","5928914069","Virochan27","Virochan","Ia exam"
"6033","10/1/2025, 7:48:43 pm","5928914069","private","5928914069","Virochan27","Virochan","Sscd"
"6035","10/1/2025, 7:48:49 pm","5928914069","private","5928914069","Virochan27","Virochan","Sscd exam"
"6037","10/1/2025, 7:53:29 pm","5928914069","private","5928914069","Virochan27","Virochan","Ia exam"
"6039","10/1/2025, 7:53:57 pm","5928914069","private","5928914069","Virochan27","Virochan","Ia exam"
"6041","10/1/2025, 7:54:11 pm","5928914069","private","5928914069","Virochan27","Virochan","Sscd exam"
"6043","10/1/2025, 7:54:20 pm","5928914069","private","5928914069","Virochan27","Virochan","Iot exam"
"6045","10/1/2025, 7:54:31 pm","5928914069","private","5928914069","Virochan27","Virochan","Next exan"
"6047","10/1/2025, 7:55:54 pm","5928914069","private","5928914069","Virochan27","Virochan","Next class"
"6049","10/1/2025, 7:56:05 pm","5928914069","private","5928914069","Virochan27","Virochan","Next exam"
"6051","10/1/2025, 7:56:29 pm","5928914069","private","5928914069","Virochan27","Virochan","Next deadline"
"6053","10/1/2025, 7:56:40 pm","5928914069","private","5928914069","Virochan27","Virochan","Ia timetable"
"6059","10/1/2025, 7:57:34 pm","5928914069","private","5928914069","Virochan27","Virochan","Previous class"
"6061","10/1/2025, 8:24:45 pm","1908418704","private","1908418704","Nithinvchincholi","NITHIN","/start"
"6065","10/1/2025, 8:25:32 pm","1908418704","private","1908418704","Nithinvchincholi","NITHIN","Creat me a time table"
"6067","10/1/2025, 8:25:36 pm","6312199722","private","6312199722","Killer_brandd","Rahul","/start"
"6075","10/1/2025, 8:26:19 pm","1908418704","private","1908418704","Nithinvchincholi","NITHIN","Yes"
"6079","10/1/2025, 8:27:13 pm","1355942301","private","1355942301","Rithhhzzzzz","_.Ritvikkkkkkkkk._","/start"
"6095","10/1/2025, 8:28:09 pm","6562925416","private","6562925416","Virochan2004","Virochan","Yes"
"6100","10/1/2025, 8:30:58 pm","5928914069","private","5928914069","Virochan27","Virochan","Hii"
"6102","10/1/2025, 8:31:04 pm","5174504450","private","5174504450","thanu282","Tanu","/start"
"6106","10/1/2025, 8:31:49 pm","5174504450","private","5174504450","thanu282","Tanu","Time table"
"6112","10/1/2025, 8:32:24 pm","5928914069","private","5928914069","Virochan27","Virochan","Time table"
"6116","10/1/2025, 8:32:42 pm","5174504450","private","5174504450","thanu282","Tanu","Yes"
"6128","10/1/2025, 8:34:49 pm","6562925416","private","6562925416","Virochan2004","Virochan","Yes"
"6133","10/1/2025, 8:36:14 pm","1232593827","private","1232593827",,"Mahesh Kumar V B","/start"
"6135","10/1/2025, 8:36:29 pm","1232593827","private","1232593827",,"Mahesh Kumar V B","Who is the class advisor"
"6137","10/1/2025, 8:36:45 pm","1232593827","private","1232593827",,"Mahesh Kumar V B","What all subjects do we have"
"6139","10/1/2025, 8:37:19 pm","5928914069","private","5928914069","Virochan27","Virochan","Who is the class advisor"
"6143","10/1/2025, 8:37:37 pm","5928914069","private","5928914069","Virochan27","Virochan","What all subjects do we have"
"6151","10/1/2025, 8:38:49 pm","5174504450","private","5174504450","thanu282","Tanu","Yes"
"6153","10/1/2025, 8:38:54 pm","5174504450","private","5174504450","thanu282","Tanu","Why"
"6161","10/1/2025, 8:39:21 pm","5174504450","private","5174504450","thanu282","Tanu","Yes"
"6181","10/1/2025, 8:42:02 pm","5174504450","private","5174504450","thanu282","Tanu","exam schedules"
"6185","10/1/2025, 8:42:09 pm","5928914069","private","5928914069","Virochan27","Virochan","No"
"6187","10/1/2025, 8:42:31 pm","5174504450","private","5174504450","thanu282","Tanu","assignment deadlines"
"6189","10/1/2025, 8:42:33 pm","5928914069","private","5928914069","Virochan27","Virochan","Exam schedules"
"6191","10/1/2025, 8:43:06 pm","5174504450","private","5174504450","thanu282","Tanu","daily schedules"
"6197","10/1/2025, 8:43:50 pm","5174504450","private","5174504450","thanu282","Tanu","Subject information"
"6199","10/1/2025, 8:44:09 pm","5174504450","private","5174504450","thanu282","Tanu","Who is Ms. Veeda"
"6201","10/1/2025, 8:44:17 pm","5928914069","private","5928914069","Virochan27","Virochan","Daily schedules"
"6203","10/1/2025, 8:44:38 pm","5174504450","private","5174504450","thanu282","Tanu","When is Deep Learning lab exam?"
"6205","10/1/2025, 8:45:12 pm","5928914069","private","5928914069","Virochan27","Virochan","When is deep learning lab exam"
"6207","10/1/2025, 8:45:42 pm","5928914069","private","5928914069","Virochan27","Virochan","Who is ms veeda"
"6209","10/1/2025, 8:48:41 pm","6418009818","private","6418009818",,"Pawan S","/start"
"6211","10/1/2025, 8:49:04 pm","907819124","private","907819124","govind0407z","Govind","/start"
"6213","10/1/2025, 8:49:20 pm","5631109741","private","5631109741",,"Shivani","/start"
"6215","10/1/2025, 8:49:27 pm","1272119762","private","1272119762","junxxd3175","Syed","/start"
"6217","10/1/2025, 8:49:47 pm","1945300136","private","1945300136","Kush_202","Khushi","/start"
"6219","10/1/2025, 8:49:50 pm","1272119762","private","1272119762","junxxd3175","Syed","Tell me about tomorrows time table"
"6221","10/1/2025, 8:49:54 pm","5631109741","private","5631109741",,"Shivani","Hlo"
"6223","10/1/2025, 8:50:08 pm","5631109741","private","5631109741",,"Shivani","Time table"
"6225","10/1/2025, 8:50:17 pm","1272119762","private","1272119762","junxxd3175","Syed","Who are the faculties?"
"6227","10/1/2025, 8:50:20 pm","6362311908","private","6362311908",,"Mamatha Yashwanth","/start"
"6231","10/1/2025, 8:50:25 pm","5631109741","private","5631109741",,"Shivani","Class schedule"
"6235","10/1/2025, 8:50:49 pm","1272119762","private","1272119762","junxxd3175","Syed","What is my name?"
"6239","10/1/2025, 8:50:57 pm","5498779895","private","5498779895","mithun866","Mithun","/start"
"6245","10/1/2025, 8:51:21 pm","5498779895","private","5498779895","mithun866","Mithun","Hi virochan"
"6247","10/1/2025, 8:51:22 pm","1945300136","private","1945300136","Kush_202","Khushi","give me Saturdays schedule for the classes"
"6250","10/1/2025, 8:51:33 pm","1272119762","private","1272119762","junxxd3175","Syed","No"
"6254","10/1/2025, 8:51:41 pm","1945300136","private","1945300136","Kush_202","Khushi","Saturdays schdule"
"6256","10/1/2025, 8:51:45 pm","5498779895","private","5498779895","mithun866","Mithun","/start"
"6258","10/1/2025, 8:51:54 pm","5498779895","private","5498779895","mithun866","Mithun","Time table"
"6264","10/1/2025, 8:52:09 pm","6562925416","private","6562925416","Virochan2004","Virochan","Give me Saturdays schedule for the classes"
"6265","10/1/2025, 8:52:12 pm","5498779895","private","5498779895","mithun866","Mithun","Veeda"
"6271","10/1/2025, 8:52:22 pm","5498779895","private","5498779895","mithun866","Mithun","Dates"
"6275","10/1/2025, 8:52:38 pm","1272119762","private","1272119762","junxxd3175","Syed","Suggest any good movies"
"6279","10/1/2025, 8:52:47 pm","1110757928","private","1110757928","AparnaRajes","Aparna","/start"
"6280","10/1/2025, 8:52:47 pm","5928914069","private","5928914069","Virochan27","Virochan","Give me Saturdays schedule for the classes"
"6282","10/1/2025, 8:52:51 pm","5497153099","private","5497153099",,"Shihas","/start"
"6284","10/1/2025, 8:52:52 pm","5694615162","private","5694615162",,"Shamsiya","/start"
"6286","10/1/2025, 8:52:53 pm","1123988349","private","1123988349","prathyushkv","Prathyush","/start"
"6287","10/1/2025, 8:52:54 pm","5928914069","private","5928914069","Virochan27","Virochan","Saturday schedule"
"6290","10/1/2025, 8:53:12 pm","1110757928","private","1110757928","AparnaRajes","Aparna","Exam timetable"
"6292","10/1/2025, 8:53:19 pm","1392871330","private","1392871330","iiTzNOVA","Scout","/start"
"6294","10/1/2025, 8:53:21 pm","1123988349","private","1123988349","prathyushkv","Prathyush","monday is mass bunk"
"6296","10/1/2025, 8:53:31 pm","5828279111","private","5828279111",,"Abheeksha","/start"
"6298","10/1/2025, 8:53:42 pm","1123988349","private","1123988349","prathyushkv","Prathyush","tommorows timetable"
"6300","10/1/2025, 8:53:44 pm","1110757928","private","1110757928","AparnaRajes","Aparna","When will be our iv"
"6302","10/1/2025, 8:53:45 pm","1572242262","private","1572242262",,"MR","/start"
"6304","10/1/2025, 8:53:48 pm","1945300136","private","1945300136","Kush_202","Khushi","Can u check any lab for tommrrow"
"6307","10/1/2025, 8:53:51 pm","5828279111","private","5828279111",,"Abheeksha","Tomorrow s time' table"
"6310","10/1/2025, 8:54:23 pm","5928914069","private","5928914069","Virochan27","Virochan","Monday is mass bunk"
"6312","10/1/2025, 8:54:31 pm","1945300136","private","1945300136","Kush_202","Khushi","Who are the faculties will conduct the classes of tommrrow"
"6314","10/1/2025, 8:54:55 pm","1945300136","private","1945300136","Kush_202","Khushi","Faculty imformation"
"6316","10/1/2025, 8:55:11 pm","5928914069","private","5928914069","Virochan27","Virochan","Can you check any lab for tomnlmrrow"
"6320","10/1/2025, 8:55:52 pm","5928914069","private","5928914069","Virochan27","Virochan","Who are the faculties will conduct the classes of tomorrow"
"6332","10/1/2025, 8:59:01 pm","1945300136","private","1945300136","Kush_202","Khushi","DLT"
"6334","10/1/2025, 8:59:35 pm","1945300136","private","1945300136","Kush_202","Khushi","ITE"
"6340","10/1/2025, 9:00:17 pm","5498779895","private","5498779895","mithun866","Mithun","Deep"
"6341","10/1/2025, 9:00:17 pm","1945300136","private","1945300136","Kush_202","Khushi","I want to discuss about mass bunk on monday as well as Wednesday"
"6350","10/1/2025, 9:01:03 pm","5498779895","private","5498779895","mithun866","Mithun","Yes"
"6360","10/1/2025, 9:04:16 pm","1990100874","private","1990100874",,"Ibra","/start"
"6362","10/1/2025, 9:05:27 pm","5928914069","private","5928914069","Virochan27","Virochan","Tomorrow s time' table"
"6364","10/1/2025, 9:05:40 pm","1330925325","private","1330925325","Yeshuuu33","Yeshuu","/start"
"6366","10/1/2025, 9:06:37 pm","6444865202","private","6444865202",,"Shetty","/start"
"6368","10/1/2025, 9:06:45 pm","6444865202","private","6444865202",,"Shetty","Hi"
"6370","10/1/2025, 9:07:18 pm","1139931115","private","1139931115","Crazzy_madhu","Madhusudha","/start"
"6372","10/1/2025, 9:07:27 pm","1139931115","private","1139931115","Crazzy_madhu","Madhusudha","Hi"
"6374","10/1/2025, 9:07:34 pm","6444865202","private","6444865202",,"Shetty","I need time table"
"6376","10/1/2025, 9:07:37 pm","1139931115","private","1139931115","Crazzy_madhu","Madhusudha","Time table"
"6378","10/1/2025, 9:07:51 pm","1139931115","private","1139931115","Crazzy_madhu","Madhusudha","SS &cd"
"6384","10/1/2025, 9:08:42 pm","5928914069","private","5928914069","Virochan27","Virochan","Time table"
"6386","10/1/2025, 9:08:47 pm","1445872245","private","1445872245",,"Chaithanya","/start"
"6388","10/1/2025, 9:08:53 pm","5928914069","private","5928914069","Virochan27","Virochan","Ss &cd"
"6390","10/1/2025, 9:08:59 pm","1445872245","private","1445872245",,"Chaithanya","Road map to master java"
"6396","10/1/2025, 9:10:13 pm","5928914069","private","5928914069","Virochan27","Virochan","Sscd"
"6398","10/1/2025, 9:10:26 pm","1387818498","private","1387818498","am_xth","Amith","/start"
"6400","10/1/2025, 9:10:30 pm","5928914069","private","5928914069","Virochan27","Virochan","Time table"
"6402","10/1/2025, 9:10:44 pm","1387818498","private","1387818498","am_xth","Amith","Faculty info"
"6404","10/1/2025, 9:10:48 pm","5928914069","private","5928914069","Virochan27","Virochan","Ss cd"
"6406","10/1/2025, 9:10:56 pm","5928914069","private","5928914069","Virochan27","Virochan","Timetabel"
"6408","10/1/2025, 9:11:02 pm","5928914069","private","5928914069","Virochan27","Virochan","Hii"
"6412","10/1/2025, 9:11:18 pm","5928914069","private","5928914069","Virochan27","Virochan","Road map to master java"
"6414","10/1/2025, 9:11:43 pm","5928914069","private","5928914069","Virochan27","Virochan","Faculty info"
"6416","10/1/2025, 9:16:58 pm","5928914069","private","5928914069","Virochan27","Virochan","Ite"
"6418","10/1/2025, 9:17:08 pm","5928914069","private","5928914069","Virochan27","Virochan","Dwdm"
"6420","10/1/2025, 9:18:09 pm","5928914069","private","5928914069","Virochan27","Virochan","I need time table"
"6422","10/1/2025, 9:19:29 pm","1801781798","private","1801781798",,"ðŸ£","/start"
"6424","10/1/2025, 9:20:13 pm","842329759","private","842329759","Vd_saldanha","Veeda","/start"
"6426","10/1/2025, 9:20:46 pm","6256104407","private","6256104407","venupasala2004","Venu","/start"
"6428","10/1/2025, 9:21:03 pm","6256104407","private","6256104407","venupasala2004","Venu","Hi"
"6430","10/1/2025, 9:21:17 pm","6256104407","private","6256104407","venupasala2004","Venu","ðŸ‘Ž"
"6436","10/1/2025, 9:21:45 pm","6562925416","private","6562925416","Virochan2004","Virochan","Hi"
"6437","10/1/2025, 9:21:46 pm","6256104407","private","6256104407","venupasala2004","Venu","Had a break"
"6440","10/1/2025, 9:22:19 pm","6562925416","private","6562925416","Virochan2004","Virochan","ðŸ‘Ž"
"6442","10/1/2025, 9:22:45 pm","6562925416","private","6562925416","Virochan2004","Virochan","Had a break"
"6444","10/1/2025, 9:27:02 pm","5928914069","private","5928914069","Virochan27","Virochan","Who is madhusudha"
"6446","10/1/2025, 9:27:54 pm","5928914069","private","5928914069","Virochan27","Virochan","Madhusudha"
"6448","10/1/2025, 9:28:04 pm","5928914069","private","5928914069","Virochan27","Virochan","Dhananjay"
"6454","10/1/2025, 9:28:40 pm","5928914069","private","5928914069","Virochan27","Virochan","Suggest any good movie"
"6456","10/1/2025, 9:28:43 pm","1470215319","private","1470215319",,"J","/start"
"6458","10/1/2025, 9:29:45 pm","1470215319","private","1470215319",,"J","When is ia exam"
"6460","10/1/2025, 9:30:08 pm","5928914069","private","5928914069","Virochan27","Virochan","Who is the class advisor"
"6462","10/1/2025, 9:30:20 pm","5928914069","private","5928914069","Virochan27","Virochan","What all subjects do we have"
"6464","10/1/2025, 9:30:43 pm","5928914069","private","5928914069","Virochan27","Virochan","Time table"
"6466","10/1/2025, 9:30:52 pm","5928914069","private","5928914069","Virochan27","Virochan","Hii"
"6470","10/1/2025, 9:31:18 pm","5928914069","private","5928914069","Virochan27","Virochan","When is ia exam"
"6472","10/1/2025, 9:34:27 pm","5928914069","private","5928914069","Virochan27","Virochan","Tell me about tomorrows time table"
"6474","10/1/2025, 9:34:40 pm","5928914069","private","5928914069","Virochan27","Virochan","Who are the faculties"
"6476","10/1/2025, 9:34:49 pm","1470215319","private","1470215319",,"J","Syllabus of ia"
"6478","10/1/2025, 9:34:56 pm","5928914069","private","5928914069","Virochan27","Virochan","What is my name"
"6480","10/1/2025, 9:35:18 pm","1470215319","private","1470215319",,"J","What are the syllabus for ia"
"6481","10/1/2025, 9:35:26 pm","5928914069","private","5928914069","Virochan27","Virochan","Syllabus of ia"
"6483","10/1/2025, 9:45:20 pm","1230307004","private","1230307004",,"Soundarya","/start"
"6491","10/1/2025, 9:53:27 pm","5928914069","private","5928914069","Virochan27","Virochan","Yes"
"6501","10/1/2025, 9:54:05 pm","5928914069","private","5928914069","Virochan27","Virochan","Yes"
"6510","10/1/2025, 9:54:47 pm","6562925416","private","6562925416","Virochan2004","Virochan","Yes"
"6514","10/1/2025, 9:55:16 pm","5928914069","private","5928914069","Virochan27","Virochan","Hello"
"6516","10/1/2025, 10:03:09 pm","6562925416","private","6562925416","Virochan2004","Virochan","/start"
"6518","10/1/2025, 10:04:15 pm","6562925416","private","6562925416","Virochan2004","Virochan","/start"
"6520","10/1/2025, 10:06:07 pm","5928914069","private","5928914069","Virochan27","Virochan","Iot notes"
"6528","10/1/2025, 10:06:52 pm","6562925416","private","6562925416","Virochan2004","Virochan","No"
"6532","10/1/2025, 10:07:33 pm","1393402626","private","1393402626","professor8454","ð•»ð“»âŠ•ð•—ð–Šàº®àº®âŠ•ð“»","/start"
"6538","10/1/2025, 10:08:44 pm","1393402626","private","1393402626","professor8454","ð•»ð“»âŠ•ð•—ð–Šàº®àº®âŠ•ð“»","What are information you have"
"6542","10/1/2025, 10:10:19 pm","1393402626","private","1393402626","professor8454","ð•»ð“»âŠ•ð•—ð–Šàº®àº®âŠ•ð“»","Neural network"
"6546","10/1/2025, 10:10:32 pm","1393402626","private","1393402626","professor8454","ð•»ð“»âŠ•ð•—ð–Šàº®àº®âŠ•ð“»","Mahesh"
"6548","10/1/2025, 10:10:53 pm","1393402626","private","1393402626","professor8454","ð•»ð“»âŠ•ð•—ð–Šàº®àº®âŠ•ð“»","DLT"
"6552","10/1/2025, 10:11:15 pm","5928914069","private","5928914069","Virochan27","Virochan","No"
"6554","10/1/2025, 10:11:16 pm","1393402626","private","1393402626","professor8454","ð•»ð“»âŠ•ð•—ð–Šàº®àº®âŠ•ð“»","Mr. Dhananjay"
"6556","10/1/2025, 10:11:20 pm","5928914069","private","5928914069","Virochan27","Virochan","Neural network"
"6558","10/1/2025, 10:11:28 pm","5928914069","private","5928914069","Virochan27","Virochan","Mahesh"
"6560","10/1/2025, 10:12:06 pm","5928914069","private","5928914069","Virochan27","Virochan","What are information you have"
"6566","10/1/2025, 10:12:37 pm","5928914069","private","5928914069","Virochan27","Virochan","Mr Dhananjay"
"6568","10/1/2025, 10:12:43 pm","5928914069","private","5928914069","Virochan27","Virochan","Dhananjay"
"6570","10/1/2025, 10:16:18 pm","5928914069","private","5928914069","Virochan27","Virochan","DLT"
"6572","10/1/2025, 10:16:27 pm","5928914069","private","5928914069","Virochan27","Virochan","Mr. Dhananjay"
"6574","10/1/2025, 10:16:46 pm","5928914069","private","5928914069","Virochan27","Virochan","Mahesh"
"6576","10/1/2025, 10:16:56 pm","5928914069","private","5928914069","Virochan27","Virochan","Varsha"
"6578","10/1/2025, 10:17:02 pm","5928914069","private","5928914069","Virochan27","Virochan","Veeda"
"6580","10/1/2025, 10:17:10 pm","5928914069","private","5928914069","Virochan27","Virochan","Swarna"
"6582","10/1/2025, 10:18:23 pm","5305722340","private","5305722340",,"Yallamma","/start"
"6584","10/1/2025, 10:18:38 pm","5928914069","private","5928914069","Virochan27","Virochan","Syllabus of ia"
"6586","10/1/2025, 10:18:55 pm","5928914069","private","5928914069","Virochan27","Virochan","What are the syllabus for ia"
"6592","10/1/2025, 10:21:39 pm","5928914069","private","5928914069","Virochan27","Virochan","Yes"
"6600","10/1/2025, 10:25:20 pm","5928914069","private","5928914069","Virochan27","Virochan","Class"
"6604","10/1/2025, 10:28:43 pm","5826824734","private","5826824734",,"Abhiyee","/start"
"6606","10/1/2025, 10:29:31 pm","5826824734","private","5826824734",,"Abhiyee","Suggest a film for me"
"6608","10/1/2025, 10:48:16 pm","5928914069","private","5928914069","Virochan27","Virochan","I need time table"
"6610","10/1/2025, 10:48:24 pm","5928914069","private","5928914069","Virochan27","Virochan","Xy timetable"
"6612","10/1/2025, 10:48:34 pm","5928914069","private","5928914069","Virochan27","Virochan","Class"
"6614","10/1/2025, 10:48:43 pm","5928914069","private","5928914069","Virochan27","Virochan","Hkll class"
"6616","10/1/2025, 10:48:54 pm","5928914069","private","5928914069","Virochan27","Virochan","Time table for ann"
"6618","10/1/2025, 10:49:14 pm","5928914069","private","5928914069","Virochan27","Virochan","Bhushan"
"6622","10/1/2025, 10:49:37 pm","5928914069","private","5928914069","Virochan27","Virochan","When do we have bhushan class"
"6624","10/1/2025, 10:49:46 pm","5928914069","private","5928914069","Virochan27","Virochan","When do we have"
"6626","10/1/2025, 10:49:51 pm","5928914069","private","5928914069","Virochan27","Virochan","When is"
"6630","10/1/2025, 10:50:31 pm","5928914069","private","5928914069","Virochan27","Virochan","Sscd"
"6634","10/1/2025, 10:51:37 pm","5928914069","private","5928914069","Virochan27","Virochan","Ss&cd"
"6654","10/1/2025, 11:27:17 pm","6562925416","private","6562925416","Virochan2004","Virochan","Sscd"
"6656","11/1/2025, 12:01:37 am","1980371291","private","1980371291",,"Elon","/start"
"6658","11/1/2025, 12:01:48 am","1980371291","private","1980371291",,"Elon","Exam date"
"6660","11/1/2025, 6:25:37 am","6562925416","private","6562925416","Virochan2004","Virochan","Wake up the server"
"6662","11/1/2025, 6:27:01 am","6562925416","private","6562925416","Virochan2004","Virochan","Wake up the server"
"6700","11/1/2025, 8:23:48 am","6878032636","private","6878032636","doublecheesepasta","Noel","/start"
"6702","11/1/2025, 8:24:12 am","6878032636","private","6878032636","doublecheesepasta","Noel","faculty"
"6704","11/1/2025, 8:24:26 am","6878032636","private","6878032636","doublecheesepasta","Noel","time table"
"6706","11/1/2025, 8:24:40 am","6878032636","private","6878032636","doublecheesepasta","Noel","track"
"6716","11/1/2025, 8:54:00 am","5828279111","private","5828279111",,"Abheeksha","No"
"6718","11/1/2025, 8:54:55 am","5828279111","private","5828279111",,"Abheeksha","What is my usn"
"6726","11/1/2025, 8:56:49 am","5828279111","private","5828279111",,"Abheeksha","Poda potta"
"6738","11/1/2025, 9:11:27 am","1230307004","private","1230307004",,"Soundarya","What food u had,?"
"6752","11/1/2025, 9:16:37 am","5563300459","private","5563300459",,"Sankarshana","No"
"6760","11/1/2025, 9:17:17 am","5563300459","private","5563300459",,"Sankarshana","No"
"6762","11/1/2025, 9:17:26 am","5563300459","private","5563300459",,"Sankarshana","Who is class advisor"
"6764","11/1/2025, 9:17:48 am","5563300459","private","5563300459",,"Sankarshana","Adva"
"6766","11/1/2025, 9:17:50 am","5563300459","private","5563300459",,"Sankarshana","Advs"
"6768","11/1/2025, 3:20:55 pm","5928914069","private","5928914069","Virochan27","Virochan","Faculty"
"6770","11/1/2025, 3:21:24 pm","5928914069","private","5928914069","Virochan27","Virochan","Time table"
"6772","11/1/2025, 3:21:35 pm","5928914069","private","5928914069","Virochan27","Virochan","Track"
"6774","11/1/2025, 3:21:55 pm","5928914069","private","5928914069","Virochan27","Virochan","Faculty"
"6776","11/1/2025, 3:22:02 pm","5928914069","private","5928914069","Virochan27","Virochan","Faculty"
"6778","12/1/2025, 12:31:00 pm","1858243815","private","1858243815",,"Sanjay","/start"
"6790","14/1/2025, 3:45:35 pm","5498779895","private","5498779895","mithun866","Mithun",",,"
"6793","14/1/2025, 3:46:11 pm","5498779895","private","5498779895","mithun866","Mithun","/"
"6798","16/1/2025, 6:48:59 pm","5928914069","private","5928914069","Virochan27","Virochan","Wake up the server"
"6800","16/1/2025, 6:49:59 pm","5928914069","private","5928914069","Virochan27","Virochan","Wake up the"
"6802","16/1/2025, 6:50:05 pm","5928914069","private","5928914069","Virochan27","Virochan","Wake up the server"
"6804","16/1/2025, 9:25:52 pm","5884241843","private","5884241843",,"Yashwith","Give Entrepreneurship module 1 notes"
"6807","16/1/2025, 9:26:44 pm","5884241843","private","5884241843",,"Yashwith","Introduction to Entrepreneurship"
"6809","17/1/2025, 9:46:24 pm","5928914069","private","5928914069","Virochan27","Virochan","Wake up the server"